name,collection,genre,content
পোড়োবাড়ি,বীথিকা,কবিতা,"সেদিন তোমার মোহ লেগে
আনন্দের বেদনায় চিত্ত ছিল জেগে ;
প্রতিদিন
প্রভাতে পড়িত মনে,
তুমি
আছ এ ভুবনে।
পুকুরে বাঁধানো ঘাটে স্নিগ্ধ অশথের মূলে
বসে
আছ এলোচুলে,
আলোছায়া
পড়েছে আঁচলে তব—
প্রতিদিন মোর কাছে এ যেন সংবাদ অভিনব।
তোমার
শয়নঘরে ফুলদানি,
সকালে
দিতাম আনি
নাগকেশরের
পুষ্পভার
অলক্ষ্যে
তোমার।
প্রতিদিন
দেখা হত, তবু কোনো ছলে
চিঠি
রেখে আসিতাম বালিশের তলে।
সেদিনের আকাশেতে তোমার নয়ন দুটি কালো
আলোরে
করিত আরো আলো।
সেদিনের বাতাসেতে তোমার সুগন্ধ কেশপাশ
নন্দনের
আনিত নিশ্বাস।
অনেক বৎসর গেল, দিন গণি নহে তার মাপ—
তারে
জীর্ণ করিয়াছে ব্যর্থতার তীব্র পরিতাপ।
নির্মম
ভাগ্যের হাতে লেখা
বঞ্চনার
কালো কালো রেখা
বিকৃত স্মৃতির পটে নিরর্থক করেছে ছবিরে।
আলোহীন
গানহীন হৃদয়ের গহন গভীরে
সেদিনের কথাগুলি
দুর্লক্ষণ
বাদুড়ের মতো আছে ঝুলি।
আজ যদি তুমি এস কোথা
তব ঠাঁই,
সে
তুমি তো নাই।
বীথিকা
আজিকার দিন
তোমারে
এড়ায়ে যাবে পরিচয়হীন।
তোমার সেকাল আজি ভাঙাচোরা যেন পোড়োবাড়ি
লক্ষ্মী যারে গেছে ছাড়ি ;
ভূতে
- পাওয়া ঘর
ভিত জুড়ে আছে যেথা দেহহীন ডর।
আগাছায় পথ রুদ্ধ, আঙিনায় মনসার ঝোপ,
তুলসীর মঞ্চখানি হয়ে গেছে লোপ।
বিনাশের
গন্ধ ওঠে, দুর্গ্রহের শাপ,
দুঃস্বপ্নের
নিঃশব্দ বিলাপ।"
ত্যাগ,খেয়া,কবিতা,"ওগো মা,
রাজার দুলাল গেল চলি মোর
ঘরের সমুখপথে,
প্রভাতের আলো ঝলিল তাহার
স্বর্ণশিখর রথে।
ঘোমটা খসায়ে বাতায়নে থেকে
নিমেষের লাগি নিয়েছি মা দেখে,
ছিঁড়ি মণিহার ফেলেছি তাহার
পথের ধুলার ’পরে।
মা গো, কী হল তোমার, অবাক নয়নে
চাহিস কিসের তরে!
মোর হার -
ছেঁড়া মণি নেয় নি কুড়ায়ে,
রথের চাকায় গেছে সে গুঁড়ায়ে
চাকার চিহ্ন ঘরের সমুখে
পড়ে আছে শুধু আঁকা।
আমি কী
দিলেম কারে জানে না সে কেউ—
ধুলায় রহিল ঢাকা।
তবু
রাজার দুলাল গেল চলি মোর
ঘরের সমুখপথে—
মোর বক্ষের
মণি না ফেলিয়া দিয়া
রহিব বলো কী মতে।"
রাতের দান,বীথিকা,কবিতা,"পথের শেষে নিবিয়া আসে আলো,
গানের বেলা
আজ ফুরালো
কী
নিয়ে তবে কাটিবে তব সন্ধ্যা।
রাত্রি
নহে বন্ধ্যা,
অন্ধকারে না - দেখা ফুল ফুটায়ে তোলে সে যে—
দিনের
অতি নিঠুর খর তেজে
যে
- ফুল ফুটিল না,
যাহার মধুকণা
বনভূমির প্রত্যাশাতে গোপনে ছিল বলে
গিয়েছে কবে আকাশপথে চলে
তোমার উপবনের মৌমাছি
কৃপণ বনবীথিকাতলে বৃথা করুণা যাচি।
আঁধারে - ফোটা সে ফুল নহে ঘরেতে আনিবার
সে - ফুলদলে গাঁথিবে না তো হার ;
সে শুধু বুকে আনে
গন্ধে - ঢাকা নিভৃত অনুমানে
দিনের ঘন জনতামাঝে হারানো আঁখিখানি,
মৌনে - ডোবা বাণী ;
সে শুধু আনে পাই নি যারে তাহারই পরিচিতি,
ঘটে নি যাহা ব্যাকুল তারই স্মৃতি।
স্বপনে - ঘেরা সুদূর তারা নিশার - ডালি - ভরা
দিয়েছে দেখা, দেয় নি তবু ধরা ;
রাতের ফুল দূরের ধ্যানে তেমনি কথা কবে,
অনধিগত সার্থকতা বুঝাবে অনুভবে,
না-জানা সেই না-ছোঁওয়া সেই পথের শেষ দান
বিদায়বেলা ভরিবে তব প্রাণ।"
জ্যোতিষ-শাস্ত্র,শিশু,কবিতা,"আমি শুধু বলেছিলেম—
‘কদম গাছের ডালে
পূর্ণিমা-চাঁদ আটকা পড়ে
যখন সন্ধেকালে
তখন কি
কেউ তারে
ধরে
আনতে পারে।’
শুনে দাদা হেসে কেন
বললে আমায়, ‘
খোকা,
তোর মতো আর
দেখি নাইকো বোকা।
চাঁদ যে থাকে অনেক দূরে
কেমন করে ছুঁই।’
আমি বলি, ‘দাদা, তুমি
জান না কিচ্ছুই।
মা আমাদের হাসে যখন
ওই জানলার ফাঁকে
তখন তুমি বলবে কি, মা
অনেক দূরে থাকে।’
তবু দাদা বলে আমায়, ‘খোকা,
তোর মতো আর দেখি নাই তো বোকা।’
দাদা বলে, ‘পাবি কোথায়
অত বড়ো ফাঁদ।’
আমি বলি, ‘কেন দাদা,
ওই তো ছোটো চাঁদ,
দুটি মুঠোয় ওরে
আনতে পারি ধরে।’
শুনে দাদা হেসে কেন
বললে আমায়, ‘খোকা,
তোর মতো আর দেখি নাই তো বোকা।
চাঁদ যদি এই কাছে আসত
দেখতে কত বড়ো।’
শিশু
আমি বলি, ‘কী তুমি ছাই
ইস্কুলে যে পড়।
মা আমাদের চুমো খেতে
মাথা করে নিচু,
তখন কি আর মুখটি দেখায়
মস্ত বড়ো কিছু। '
তবু দাদা বলে আমায়, ‘খোকা,
তোর মতো আর দেখি নাই তো বোকা। '"
১০০,নৈবেদ্য,কবিতা,"সংসারে মোরে রাখিয়াছ যেই ঘরে
সেই ঘরে রব সকল দুঃখ
ভুলিয়া।
করুণা করিয়া নিশিদিন নিজ করে
রেখে দিয়ো তার একটি
দুয়ার খুলিয়া।
মোর সব কাজে মোর সব অবসরে
সে দুয়ার রবে তোমারি প্রবেশ-তরে,
সেথা হতে বায়ু বহিবে হৃদয়-’পরে
চরণ হইতে তব পদরজ
তুলিয়া।
সে দুয়ার খুলি আসিবে তুমি এ ঘরে,
আমি বাহিরিব সে
দুয়ারখানি খুলিয়া।
আর যত সুখ পাই বা না পাই, তবু
এক সুখ শুধু মোর তরে
তুমি রাখিয়ো।
সে সুখ কেবল তোমার আমার প্রভু,
সে সুখের ’পরে তুমি
জাগ্রত থাকিয়ো।
তাহারে না ঢাকে আর যত সুখগুলি,
সংসার যেন তাহাতে না দেয় ধূলি,
সব কোলাহল হতে তারে তুমি তুলি
যতন করিয়া আপন অঙ্কে
ঢাকিয়ো।
আর যত সুখে ভরুক ভিক্ষাঝুলি,
সেই এক সুখ মোর তরে
তুমি রাখিয়ো।
যত বিশ্বাস ভেঙে ভেঙে যায়, স্বামী,
এক বিশ্বাস রহে যেন
চিতে লাগিয়া।
যে অনলতাপ যখনি সহিব আমি
দেয় যেন তাহে তব নাম
বুকে দাগিয়া।
দুখ পশে যবে মর্মের মাঝখানে
তোমার লিখন-স্বাক্ষর যেন আনে,
রুক্ষ বচন যতই আঘাত হানে
সকল আঘাতে তব সুর উঠে
জাগিয়া।
শত বিশ্বাস ভেঙে যদি যায় প্রাণে
এক বিশ্বাসে রহে যেন
মন লাগিয়া।"
৮২,গীতালি,কবিতা,"ব্যথার বেশে এল আমার দ্বারে
কোন্ অতিথি, ফিরিয়ে দেব না রে।
জাগব বসে
সকল রাতি—
ঝড়ের হাওয়ায়
ব্যাকুল বাতি
আগুন দিয়ে জ্বালব বারে বারে।
আমার যদি শক্তি নাহি থাকে
ধরার কান্না আমায় কেন ডাকে?
দুঃখ দিয়ে
জানাও রুদ্র,
ক্ষুদ্র আমি
নই তো ক্ষুদ্র—
ভয় দিয়েছ, ভয় করি নে তারে।
ব্যথা যখন এল আমার দ্বারে
তারে আমি ফিরিয়ে দেব না রে।"
৭২,গীতিমাল্য,কবিতা,"জানি নাই গো সাধন তোমার
বলে কারে।
আমি
ধুলায় বসে খেলেছি এই
তোমার দ্বারে।
অবোধ আমি ছিলেম বলে
যেমন খুশি এলেম চলে
ভয় করি নি তোমায় আমি
অন্ধকারে।
তোমার
জ্ঞানী আমায় বলে কঠিন
তিরস্কারে
“পথ দিয়ে তুই আসিস নি যে
ফিরে যা রে।”
ফেরার পন্থা বন্ধ করে
আপনি বাঁধো বাহুর ডোরে,
ওরা আমায় মিথ্যা ডাকে
বারে বারে।"
আমি,পরিশেষ,কবিতা,"আজ ভাবি মনে-মনে, তাহারে কি জানি
যাহার বলায় মোর বাণী,
যাহার চলায় মোর চলা,
আমার ছবিতে যার কলা,
যার সুর বেজে ওঠে মোর গানে গানে,
সুখে দুঃখে দিনে দিনে বিচিত্র যে আমার পরানে।
ভেবেছিনু আমাতে সে বাঁধা
এ প্রাণের যত হাসা কাঁদা
গণ্ডি দিয়ে মোর মাঝে
ঘিরেছে তাহারে মোর সকল খেলায় সব কাজে।
ভেবেছিনু সে আমারি আমি
আমার জনম বেয়ে আমার মরণে যাবে থামি।
তবে কেন পড়ে মনে, নিবিড় হরষে
প্রেয়সীর দরশে পরশে
বারে বারে
পেয়েছিনু তারে
অতল মাধুরীসিন্ধুতীরে
আমার অতীত সে আমিরে।
জানি তাই, সে আমি তো বন্দী নহে আমার সীমায়,
পুরাণে বীরের মহিমায়
আপনা হারায়ে
তারে পাই আপনাতে দেশকাল নিমেষে পারায়ে।
যে আমি ছায়ার আবরণে
লুপ্ত হয়ে থাকে মোর কোণে
সাধকের ইতিহাসে তারি জ্যোতির্ময়
পাই পরিচয়।
যুগে যুগে কবির বাণীতে
সেই আমি আপনারে পেরেছে জানিতে।
পরিশেষ
দিগন্তে বাদলবায়ুবেগে
নীল মেঘে
বর্ষা আসে নাবি।
বসে বসে ভাবি
এই আমি যুগে যুগান্তরে
কত মূর্তি ধরে,
কত নামে কত জন্ম কত মৃত্যু করে পারাপার
কত বারংবার।
ভূত ভবিষ্যৎ লয়ে যে বিরাট অখণ্ড বিরাজে
সে মানব-মাঝে
নিভৃতে দেখিব আজি এ আমিরে,
সর্বত্রগামীরে।"
১৩,শেষ লেখা,কবিতা,"প্রথম দিনের সূর্য
প্রশ্ন করেছিল
সত্তার নূতন আবির্ভাবে —
কে তুমি,
মেলে নি উত্তর।
বৎসর বৎসর চলে গেল,
দিবসের শেষ সূর্য
শেষ প্রশ্ন উচ্চারিল পশ্চিমসাগরতীরে,
নিস্তব্ধ সন্ধ্যায় —
কে তুমি,
পেল না উত্তর।"
জয়ধ্বনি,নবজাতক,কবিতা,"যাবার সময় হলে জীবনের সব কথা সেরে
শেষবাক্যে জয়ধ্বনি দিয়ে যাব মোর অদৃষ্টেরে।
বলে যাব, পরমক্ষণের আশীর্বাদ
বার বার আনিয়াছে বিস্ময়ের অপূর্ব আস্বাদ।
যাহা রুগ্ন, যাহা
ভগ্ন, যাহা মগ্ন পঙ্কস্তরতলে
আত্মপ্রবঞ্চনাছলে
তাহারে করি না অস্বীকার।
বলি, বার বার
পতন হয়েছে যাত্রাপথে
ভগ্ন মনোরথে ;
বারে বারে পাপ
ললাটে লেপিয়া গেছে কলঙ্কের ছাপ ;
বার বার আত্মপরাভব কত
দিয়ে গেছে মেরুদণ্ড করি নত ;
কদর্যের আক্রমণ ফিরে ফিরে
দিগন্ত গ্লানিতে দিল ঘিরে।
মানুষের অসম্মান
দুর্বিষহ দুখে
উঠেছে পুঞ্জিত হয়ে চোখের
সম্মুখে,
ছুটি নি করিতে প্রতিকার —
চিরলগ্ন আছে প্রাণে ধিক্কার তাহার।
অপূর্ণ-শক্তির এই বিকৃতির সহস্র লক্ষণ
দেখিয়াছি চারি দিকে সারাক্ষণ,
চিরন্তন মানবের মহিমারে তবু
উপহাস করি নাই কভু।
প্রত্যক্ষ
দেখেছি যথা
দৃষ্টির সম্মুখে মোর হিমাদ্রিরাজের সমগ্রতা,
গুহাগহ্বরের যত ভাঙাচোরা রেখাগুলো তারে
পারে নি বিদ্রূপ করিবারে —
যত-কিছু খণ্ড নিয়ে
অখণ্ডেরে দেখেছি তেমনি,
জীবনের শেষবাক্যে আজি তারে দিব জয়ধ্বনি।"
১৮,খাপছাড়া,কবিতা,"ঘাসে আছে ভিটামিন, গোরু ভেড়া
অশ্ব
ঘাস খেয়ে বেঁচে আছে, আঁখি মেলে পশ্য।
অনুকূল বাবু বলে, ‘ ঘাস খাওয়া ধরা চাই,
কিছুদিন জঠরেতে অভ্যেস করা চাই —
বৃথাই খরচ ক'রে চাষ করা শস্য।'
গৃহিণী দোহাই পাড়ে মাঠে যবে চরে সে,
ঠেলা মেরে চলে যায় পায়ে যবে ধরে সে —
মানবহিতের
ঝোঁকে কথা শোনে কস্য!
দুদিনে না যেতে যেতে মারা গেল লোকটা,
বিজ্ঞানে বিঁধে আছে এই মহা শোকটা,
বাঁচলে
প্রমাণ-শেষ হ 'ত যে অবশ্য।"
৫,ছড়া,কবিতা,"ছেঁড়া মেঘের আলো পড়ে
দেউলচূড়ার ত্রিশূলে;
কলুবুড়ি শাকসবজি
তুলেছে পাঁচমিশুলে।
চাষী খেতের সীমানা দেয়
উঁচু ক ' রে আল তুলে;
নদীতে জল কানায় কানায়,
ডিঙি চলে পাল তুলে।
কোমর-ঘেরা আঁচলখানা,
হাতে পানের কৌটা—
ঘোষপাড়াতে হনহনিয়ে
চলে নাপিতবউটা।
গোকুল ছোঁড়া গুঁড়ি আঁকড়ে
ওঠে গাছের উপুরি,
পেড়ে আনে থোলো থোলো
কাঁচা কাঁচা সুপুরি।
বর্ষাজলের ঢল নেমেছে,
ছাপিয়ে গেল বাঁধখানা,
পাড়ির কাছে ডুবো ডিঙি
যাচ্ছে দেখা আধখানা।
লখা চলে ছাতা মাথায়,
গৌরী-কনের বর—
ড্যাঙ ড্যাঙাড্যাঙ বাদ্যি বাজে,
চড়কডাঙায় ঘর।
ভাগুমালী লাউডাঁটাতে
ভরেছে তার ঝাঁকাটা,
কামার পিটোয় দুম্ দুমিয়ে
গোরুর গাড়ির চাকাটা।
মাঠের ধারে ধক্ ধকিয়ে
ছড়া
চলতি গাড়ির ধোঁওয়াতে
আকাশ যেন ছেয়ে চলে
কালো বাঘের রোঁওয়াতে।
কাঁসারিটা বাজিয়ে কাঁসা
জাগিয়ে দিল গলিটা,
গিন্নিরা দেয় ছেড়াঁ কাপড়
ভর্তি ক ' রে থলিটা।
ভিজে চুলের ঝুঁটি বেঁধে
বসে আছেন সেজোবউ,
মোচার ঘণ্ট বানাতে সে
সবার চেয়ে কেজো বউ।
গামলা চেটে পরখ করে
দড়ি দিয়ে বাঁধা গাই,
উঠোনের এক কোণে জমা
রান্নাঘরের গাদা ছাই।
ভালুকনাচের ডুগডুগি ওই
বাজছে পাইকপাড়াতে,
বেদের মেয়ে বাঁদরছানার
লাগল উকুন ছাড়াতে।
অশথতলার পাটল গোরু
আরামে চোখ বোজে তার,
ছাগলছানা ঘুরে বেড়ায়
কচি ঘাসের খোঁজে তার।
ছকুমালী খেতের থেকে
তুলছে মুলো ভাদুরে,
পিঠ আঁকড়ে জড়িয়ে থাকে
ছেলেটা তার আদুরে।
হঠাৎ কখন বাদুলে মেঘ
জুটল এসে দলে দল,
পশলা কয়েক বৃষ্টি হতেই
মাঠ হয়ে যায় জলে জল।
কচুর পাতায় ঢেকে মাথা
ছড়া
সাঁওতালী সব মেয়েরা
ঘোষের বাগান থেকে পাড়ে
কাঁচা কাঁচা পেয়ারা।
মাথায় চাদর বেঁধে নিয়ে
হাট থেকে যায় হাটুরে;
ভিজে কাঠের আঁঠি বেঁধে
চলছে-ছুটে কাঠুরে।
নিমের ডালে পাখির ছানা
পাড়তে গেল ওরা কি—
পকেট ভরে নিয়ে গেল
কাঠবিড়ালির খোরাকি।
হালদারদের মেয়েটা ওই—
দেখি তারে যখুনি
মাঠে মাঠে ভিজে বেড়ায়,
মা এসে দেয় বকুনি।
গোলাকৃতি গড়নাটা ওর,
সবাই ডাকে বাতাবি;
খুদু বলে, আমার সঙ্গে
সাঙাৎনি- কি পাতাবি।
পুকুরপাড়ে ছড়িয়ে আছে
তেলের শিশির কাঁচভাঙা,
জেলের পোঁতা বাঁশের খোঁটায়
বসে আছে মাছরাঙা।
দক্ষিণে ওই উঠল হাওয়া,
বৃষ্টি এখন থামল কি।
গাছের তলায় পা ছড়িয়ে
চিবোয় ভুলু আমলকী।
ময়লা কাপড় হিস্ হিসিয়ে
আছাড় মারে ধোবাতে;
পাড়ার মেয়ে মাছ ধরতে
আঁচল মেলে ডোবাতে।
পা ডুবিয়ে ঘাটের ধারে
ছড়া
ঘোষপুকুরের কিনারায়
মাসিক-পত্র পড়ছে বসে
থার্ড ইয়ারের বীণা রায়।
বিজুলি যায় সাপ খেলিয়ে
লক্ লকি
বাঁশের পাতা চমকে ওঠে
ঝক্ ঝকি।
চড়কডাঙায় ঢাক বাজে ঐ
ড্যাড্যাঙ ড্যাঙ।
মাঠে মাঠে মক্ মকিয়ে
ডাকছে ব্যাঙ"
ধরাতল,চৈতালি,কবিতা,"ছোটো কথা, ছোটো গীত, আজি মনে আসে।
চোখে পড়ে যাহা-কিছু হেরি চারি পাশে।
আমি যেন চলিয়াছি বাহিয়া তরণী,
কূলে কূলে দেখা যায় শ্যামল ধরণী।
সবই বলে, “যাই যাই” নিমেষে নিমেষে,
ক্ষণকাল দেখি ব’লে দেখি ভালোবেসে।
তীর হতে দুঃখ সুখ দুই ভাইবোনে
মোর মুখপানে চায় করুণ নয়নে।
ছায়াময় গ্রামগুলি দেখা যায় তীরে,
মনে ভাবি কত প্রেম আছে তারে ঘিরে।
যবে চেয়ে চেয়ে দেখি উৎসুক নয়ানে
আমার পরান হতে ধরার পরানে—
ভালোমন্দ দুঃখসুখ অন্ধকার-আলো,
মনে হয়, সব নিয়ে এ ধরণী ভালো।"
৯,আরোগ্য,কবিতা,"বিরাট সৃষ্টির ক্ষেত্রে
আতশবাজির খেলা আকাশে আকাশে,
সূর্য তারা লয়ে
যুগযুগান্তের পরিমাপে।
অনাদি অদৃশ্য হতে আমিও এসেছি
ক্ষুদ্র অগ্নিকণা নিয়ে
এক প্রান্তে ক্ষুদ্র দেশে কালে।
প্রস্থানের অঙ্কে আজ এসেছি যেমনি
দীপশিখা ম্লান হয়ে এল,
ছায়াতে পড়িল ধরা এ খেলার মায়ার স্বরূপ,
শ্লথ হয়ে এল ধীরে
সুখ দুঃখ নাট্যসজ্জাগুলি।
দেখিলাম, যুগে যুগে নটনটী বহু শত শত
ফেলে গেছে নানারঙা বেশ তাহাদের
রঙ্গশালা-দ্বারের বাহিরে।
দেখিলাম চাহি
শত শত নির্বাপিত নক্ষত্রের নেপথ্যপ্রাঙ্গণে
নটরাজ নিস্তব্ধ একাকী।"
৬৯,খাপছাড়া,কবিতা,"কেন মার ' সিঁধ-কাটা ধূর্তে।
কাজ ওর দেয়ালটা খুঁড়তে।
তোমার পকেটটাকে করেছ কি ডোবা হে —
চিরদিন বহমান অর্থের প্রবাহে
বাধা দেবে অপরের পকেটটি পুরতে?
আর, যত নীতিকথা সে তো ওর চেনা —
ওর কাছে অর্থনীতিটা নয় জেনানা ;
বন্ধ ধনেরে তাই দেয় সদা ঘুরতে,
হেথা হতে হোথা তারে চালায় মুহূর্তে।"
উদ্‌বৃত্ত,সানাই,কবিতা,"উদ্ বৃত্ত
তব দক্ষিণ হাতের পরশ
কর নি সমর্পণ।
লেখে আর মোছে তব আলো ছায়া
ভাবনার প্রাঙ্গণে
খনে খনে আলিপন।
বৈশাখে কৃশ নদী
পূর্ণ স্রোতের প্রসাদ না দিল যদি
শুধু কুণ্ঠিত বিশীর্ণ ধারা
তীরের প্রান্তে
জাগালো পিয়াসি মন।
যতটুকু পাই ভীরু বাসনার
অঞ্জলিতে
নাই বা উচ্ছলিল,
সারা দিবসের দৈন্যের শেষে
সঞ্চয় সে যে
সারা জীবনের স্বপ্নের আয়োজন।"
৯০,নৈবেদ্য,কবিতা,"মৃত্যুও অজ্ঞাত মোর। আজি তার তরে
ক্ষণে ক্ষণে শিহরিয়া কাঁপিতেছি ডরে।
সংসারে বিদায় দিতে, আঁখি ছলছলি
জীবন আঁকড়ি ধরি আপনার বলি
দুই ভুজে।
ওরে মূঢ়, জীবন সংসার
কে করিয়া রেখেছিল এত আপনার
জনম-মুহূর্ত হতে তোমার অজ্ঞাতে,
তোমার ইচ্ছার পূর্বে? মৃত্যুর প্রভাতে
সেই অচেনার মুখ হেরিবি আবার
মুহূর্তে চেনার মতো। জীবন আমার
এত ভালোবাসি বলে হয়েছে প্রত্যয়,
মৃত্যুরে এমনি ভালো বাসিব নিশ্চয়।
স্তন হতে তুলে নিলে কাঁদে শিশু ডরে,
মুহূর্তে আশ্বাস পায় গিয়ে স্তানান্তরে।"
৬৭,গীতালি,কবিতা,"ফুল তো আমার ফুরিয়ে গেছে,
শেষ হল মোর গান—
এবার প্রভু, লও গো শেষের দান।
অশ্রুজলের
পদ্মখানি
চরণতলে
দিলাম আনি—
ওই হাতে মোর
হাত দুটি লও,
লও গো আমার প্রাণ।
এবার প্রভু, লও গো শেষের দান।
ঘুচিয়ে লও গো সকল লজ্জা,
চুকিয়ে লও গো ভয়।
বিরোধ আমার যত আছে
সব করে লও জয়।
লও গো আমার
নিশীথরাতি,
লও গো আমার
ঘরের বাতি,
লও গো আমার
সকল শক্তি—
সকল অভিমান।
এবার প্রভু, লও গো শেষের দান।"
রাত্রি,কল্পনা,কবিতা,"মোরে করো সভাকবি ধ্যানমৌন তোমার সভায়
হে শর্বরী, হে অবগুণ্ঠিতা!
তোমার আকাশ জুড়ি যুগে যুগে জপিছে যাহারা
বিরচিত তাহাদের গীতা।
তোমার তিমিরতলে যে বিপুল নিঃশব্দ উদ্ যোগ
ভ্রমিতেছে জগতে জগতে
আমারে তুলিয়া লও সেই তার ধ্বজচক্রহীন
নীরবঘর্ঘর মহারথে।
তুমি একেশ্বরী রানী বিশ্বের অন্তর-অন্তঃপুরে
সুগম্ভীরা হে শ্যামাসুন্দরী,
দিবসের ক্ষয়ক্ষীন বিরাট ভাণ্ডারে প্রবেশিয়া
নীরবে রাখিছ ভাণ্ড ভরি।
নক্ষত্র-রতন-দীপ্ত নীলাকান্ত সুপ্তিসিংহাসনে
তোমার মহান্ জাগরণ।
আমারে জাগায়ে রাখো সে নিস্তব্ধ জাগরণতলে
নির্নিমেষ পূর্ণ সচেতন।
কত নিদ্রাহীন চক্ষু যুগে যুগে তোমার আঁধারে
খুঁজেছিল প্রশ্নের উত্তর।
তোমার নির্বাক্ মুখে একদৃষ্টে চেয়েছিল বসি
কত ভক্ত জুড়ি দুই কর।
দিবস মুদিলে চক্ষু, ধীরপদে কৌতূহলীদল
অঙ্গনে পশিয়া সাবধানে
তব দীপহীন কক্ষে সুখদুঃখ জন্মমরণের
ফিরিয়াছে গোপন সন্ধানে।
স্তম্ভিত তমিস্রপুঞ্জ কম্পিত করিয়া অকস্মাৎ
অর্ধরাত্রে উঠেছে উচ্ছ্বাসি
সদ্যস্ফুট ব্রহ্মমন্ত্র আন্দোলিত ঋষিকণ্ঠ হতে
কল্পনা
আন্দোলিয়া ঘন তন্দ্রারাশি।
পীড়িত ভুবন লাগি মহাযোগী করুণাকাতর,
চকিতে বিদ্যুৎরেখাবৎ
তোমার নিখিললুপ্ত অন্ধকারে দাঁড়ায়ে একাকী
দেখেছে বিশ্বের মুক্তিপথ।
জগতের সে-সব যামিনীর জাগরূকদল
সঙ্গীহীন তব সভাসদ্
কে কোথা বসিয়া আছে আজি রাত্রে ধরণীর মাঝে,
গনিতেছে গোপন সম্পদ—
কেহ কারে নাহি জানে, আপনার স্বতন্ত্র আসনে
আসীন স্বাধীন স্তব্ধচ্ছবি—
হে শর্বরী, সেই তব বাক্যহীন জাগ্রত সভায়
মোরে করি দাও সভাকবি।"
একত্রিশ,শেষ সপ্তক,কবিতা,"পাড়ায় আছে ক্লাব,
আমার একতলার ঘরখানা
দিয়েছি ওদের ছেড়ে।
কাগজে
পেয়েছি প্রশংসাবাদ,
ওরা মীটিং করে আমাকে পরিয়েছে মালা।
আজ আট বছর থেকে
শূন্য আমার ঘর।
আপিস থেকে ফিরে এসে দেখি
সে ঘরের একটা ভাগে
টেবিলে পা তুলে
কেউ পড়ছে খবরের কাগজ,
কেউ
খেলছে তাস,
কেউ করছে তুমুল তর্ক।
তামাকের ধোঁয়ায়
ঘনিয়ে ওঠে বদ্ধ হাওয়া,
ছাইদানিতে জমতে
থাকে,
ছাই, দেশলাইকাঠি
,
পোড়া সিগারেটের টুকরো।
এই প্রচুর পরিমাণ ঘোলা আলাপের
গোলামাল দিয়ে
দিনের পর দিন
আমার সন্ধ্যার
শূন্যতা দিই ভরে।
আবার রাত্তির দশটার পরে
খালি হয়ে যায়
উপুড় - করা একটা উচ্ছিষ্ট
অবকাশ।
বাইরে থেকে আসে
ট্র্যামের শব্দ,
কোনোদিন আপন মনে শুনি
গ্রামোফোনের গান,
যে কয়টা রেকর্ড আছে
শেষ সপ্তক
ঘুরে ফিরে তারি আবৃত্তি।
আজ ওরা কেউ আসে নি ;
গেছে হাবড়া স্টেশনে
অভ্যর্থনায় ;
কে সদ্য এনেছে
সমুদ্রপারের হাততালি
আপন
নামটার সঙ্গে বেঁধে।
নিবিয়ে দিয়েছি বাতি।
যাকে
বলে ‘ আজকাল'
অনেকদিন পরে
সেই আজকালটা, সেই প্রতিদিনের নকিব
আজ নেই সন্ধ্যায় আমার ঘরে।
আটবছর আগে
এখানে ছিল হাওয়ায় - ছড়ানো যে
স্পর্শ,
চুলের যে অস্পষ্ট গন্ধ,
তারি একটা বেদনা লাগল
ঘরের সব - কিছুতেই।
যেন কী শুনব বলে
রইল কান পাতা ;
সেই ফুলকাটা ঢাকাওয়ালা
পুরোনো খালি চৌকিটা
যেন পেয়েছে কার খবর।
পিতামহের আমলের
পুরোনো মুচকুন্দ গাছ
দাঁড়িয়ে আছে জানলার সামনে
কৃষ্ণ
রাতের অন্ধকারে।
রাস্তার ওপারের বাড়ি
আর এই গাছের মধ্যে
যেটুকু আকাশ আছে
সেখানে দেখা যায়
শেষ সপ্তক
জ্বলজ্বল করছে একটি তারা।
তাকিয়ে রইলেম তার দিকে চেয়ে
টনটন করে বুকের ভিতরটা।
যুগল জীবনের
জোয়ার - জলে
কত সন্ধ্যায় দুলেছে ঐ তারার
ছায়া।
অনেক কথার মধ্যে
মনে পড়ছে ছোট্ট একটি কথা।
সেদিন সকালে
কাগজ পড়া হয়নি কাজের ভিড়ে ;
সন্ধ্যেবেলায় সেটা নিয়ে
বসেছি এই ঘরেতেই,
এই
জানলার পাশে
এই কেদারায়।
চুপি চুপি সে এল পিছনে,
কাগজখানা দ্রুত কেড়ে নিল হাত থেকে।
চলল কাড়াকাড়ি
উচ্চ হাসির কলরোলে।
উদ্ধার
করলুম লুঠের জিনিস,
স্পর্ধা করে আবার বসলুম পড়তে
।
হঠাৎ সে নিবিয়ে দিল আলো।
আমার সেদিনকার
সেই হার - মানা অন্ধকার
আজ আমাকে সর্বাঙ্গে ধরেছে ঘিরে,
যেমন করে সে আমাকে ঘিরেছিল
দুয়ো - দেওয়া নীরব হাসিতে ভরা
বিজয়ী তার দুই বাহু দিয়ে,
সেদিনকার সেই আলো - নেবা নির্জনে।
হঠাৎ ঝর্ ঝরিয়ে উঠল হাওয়া
গাছের ডালে ডালে,
শেষ সপ্তক
জানলাটা উঠল শব্দ
করে,
দরজার কাছের পর্দাটা
উড়ে বেড়াতে লাগল অস্থির হয়ে।
আমি বলে উঠলেম,
‘ ওগো, আজ তোমার ঘরে তুমি এসেছ কি
মরণলোক থেকে
তোমার বাদামি রঙের শাড়িখানি পরে? '
একটা
নিঃশ্বাস লাগল আমার গায়ে,
শুনলেম অশ্রুতবাণী,
‘ কার কাছে আসব? '
আমি বললেম,
‘
দেখতে কি পেলে না আমাকে? '
শুনলেম,
‘ পৃথিবীতে
এসে
যাকে জেনেছিলেম একান্তই,
সেই আমার চিরকিশোর বঁধু
তাকে তো আর পাইনে দেখতে
এই ঘরে। '
শুধালেম, ‘ সে কি
নেই কোথাও? '
মৃদু শান্তসুরে বললে,
‘ সে আছে সেইখানেই
যেখানে আছি আমি।
আর কোথাও না। '
দরজার কাছে শুনলেম উত্তেজিত কলরব —
হাবড়া
স্টেশন থেকে
ওরা ফিরেছে।"
ছুটির দিনে,শিশু,কবিতা,"ওই দেখো মা, আকাশ ছেয়ে
মিলিয়ে এল আলো,
আজকে আমার ছুটোছুটি
লাগল না আর
ভালো।
ঘণ্টা বেজে গেল কখন,
অনেক হল
বেলা।
তোমায় মনে পড়ে গেল,
ফেলে এলেম
খেলা।
আজকে আমার ছুটি, আমার
শনিবারের
ছুটি।
কাজ যা আছে সব রেখে আয়
মা তোর পায়ে
লুটি।
দ্বারের কাছে এইখানে বোস,
এই হেথা চৌকাঠ—
বল্ আমারে কোথায় আছে
তেপান্তরের
মাঠ।
ওই দেখো মা, বরষা এল
ঘনঘটায় ঘিরে,
বিজুলি ধায় এঁকেবেঁকে
আকাশ চিরে
চিরে।
দেব্ তা যখন ডেকে ওঠে
থর্ থরিয়ে কেঁপে
ভয় করতেই ভালোবাসি
তোমায় বুকে চেপে।
ঝুপ্ ঝুপিয়ে বৃষ্টি যখন
বাঁশের বনে পড়ে
কথা শুনতে ভালোবাসি
বসে কোণের ঘরে।
ওই দেখো মা, জানলা দিয়ে
শিশু
আসে জলের ছাট—
বল্ গো আমায় কোথায় আছে
তেপান্তরের মাঠ।
কোন্ সাগরের তীরে মা গো,
কোন্ পাহাড়ের পারে,
কোন্ রাজাদের দেশে মা গো,
কোন্ নদীটির ধারে।
কোনোখানে আল বাঁধা তার
নাই ডাইনে বাঁয়ে?
পথ দিয়ে তার সন্ধেবেলায়
পৌঁছে না কেউ গাঁয়ে?
সারা দিন কি ধূ ধূ করে
শুকনো ঘাসের জমি?
একটি গাছে থাকে শুধু
ব্যাঙ্গমা - বেঙ্গমী?
সেখান দিয়ে কাঠকুড়ুনি
যায় না নিয়ে কাঠ?
বল্ গো আমায় কোথায় আছে
তেপান্তরের মাঠ।
এমনিতরো মেঘ করেছে
সারা আকাশ
ব্যেপে,
রাজপুত্তুর যাচ্ছে মাঠে
একলা ঘোড়ায়
চেপে।
গজমোতির মালাটি তার
বুকের ‘পরে
নাচে—
রাজকন্যা কোথায় আছে
খোঁজ পেলে কার
কাছে।
মেঘে যখন ঝিলিক মারে
আকাশের এক
কোণে
দুয়োরানী - মায়ের কথা
শিশু
পড়ে না তার
মনে?
দুখিনা মা গোয়াল - ঘরে
দিচ্ছে এখন
ঝাঁট,
রাজপুত্তুর চলে যে কোন্
তেপান্তরের
মাঠ।
ওই দেখো মা, গাঁয়ের পথে
লোক নেইকো
মোটে,
রাখাল - ছেলে সকাল করে
ফিরেছে আজ
গোঠে।
আজকে দেখো রাত হয়েছে
দিস না যেতে
যেতে,
কৃষাণেরা বসে আছে
দাওয়ায় মাদুর
পেতে।
আজকে আমি নুকিয়েছি মা,
পুঁথিপত্তর যত—
পড়ার কথা আজ বোলো না।
যখন বাবার মতো।
বড়ো হব তখন আমি
পড়ব প্রথম পাঠ—
আজ বলো মা, কোথায় আছে
তেপান্তরের মাঠ।"
শূণ্য হৃদয়ের আকাঙ্ক্ষা,মানসী,কবিতা,"শূন্য হৃদয়ের আকাঙ্ক্ষা
আবার
মোরে
পাগল করে
দিবে কে?
হৃদয়
যেন
পাষাণ-হেন
বিরাগ-ভরা বিবেকে।
আবার
প্রাণে
নূতন টানে
প্রেমের নদী
পাষাণ
হতে
উছল স্রোতে
বহায় যদি।
আবার
দুটি
নয়নে লুটি
হৃদয় হরে নিবে কে?
আবার
মোরে
পাগল করে
দিবে কে?
আবার
কবে
ধরণী হবে
তরুণা?
কাহার
প্রেমে
আসিবে নেমে
স্বরগ হতে করুণা?
নিশীথনভে
শুনিব কবে
গভীর গান,
যে দিকে চাব
দেখিতে পাব
নবীন প্রাণ,
নূতন
প্রীতি
আনিবে নিতি
কুমারী উষা অরুণা।
আবার
কবে
ধরণী হবে
তরুণা?
কোথা এ মোর
জীবন-ডোর
বাঁধা রে?
প্রেমের
ফুল
ফুটে’ আকুল
কোথায়
কোন্ আঁধারে?
মানসী
গভীরতম
বাসনা মম
কোথায় আছে?
আমার
গান
আমার প্রাণ
কাহার কাছে?
কোন
গগনে
মেঘের কোণে
লুকায়ে
কোন্ চাঁদা রে?
কোথায়
মোর
জীবন-ডোর
বাঁধা রে?
অনেক
দিন
পরানহীন
ধরণী।
বসনাবৃত
খাঁচার মতো
তামসঘনবরনী।
নাই সে শাখা, নাই সে
পাখা,
নাই সে পাতা,
নাই সে
ছবি,
নাই সে রবি,
নাই সে গাথা—
জীবন
চলে
আঁধার জলে
আলোকহীন তরণী।
অনেক
দিন
পরানহীন
ধরণী।
মায়াকারায়
বিভোর-প্রায়
সকলি;
শতেক
পাকে
জড়ায়ে রাখে
ঘুমের ঘোর শিকলি।
দানব-হেন
আছে কে যেন
দুয়ার আঁটি।
কাহার কাছে
না জানি আছে
সোনার কাঠি?
পরশ
লেগে
উঠিবে জেগে
হরষ-রস-কাকলি।
মানসী
মায়াকারায়
বিভোর-প্রায়
সকলি।
দিবে সে
খুলি এ ঘোর
ধূলি-
আবরণ।
তাহার
হাতে
আঁখির পাতে
জগতজাগা জাগরণ।
সে
হাসিখানি
আনিবে টানি
সবার হাসি,
গড়িবে
গেহ,
জাগাবে স্নেহ
জীবনরাশি।
প্রকৃতিবধূ
চাহিবে মধু,
পরিবে নব আভরণ।
সে দিবে
খুলি
এ ঘোর ধূলি-
আবরণ।
পাগল
করে
দিবে সে মোরে
চাহিয়া,
হৃদয়ে
এসে
মধুর হেসে
প্রাণের গান গাহিয়া।
আপনা থাকি
ভাসিবে আঁখি
আকুল নীরে,
ঝরনা-সম
জগৎ মম
ঝরিবে শিরে।
তাহার
বাণী
দিবে গো আনি
সকল বাণী বাহিয়া।
পাগল করে
দিবে সে মোরে
চাহিয়া।"
তীর্থযাত্রিণী,সেঁজুতি,কবিতা,"তীর্থের যাত্রিণী ও যে, জীবনের পথে
শেষ আধক্রোশটুকু টেনে টেনে চলে কোনোমতে।
হাতে নামজপ-ঝুলি
পাশে তার রয়েছে পুঁটুলি।
ভোর হতে ধৈর্য ধরি বসি ইস্টেশনে
অস্পষ্ট ভাবনা আসে মনে —
আর কোনো ইস্টেশনে আছে যেন আর কোনো ঠাঁই,
যেথা সব ব্যর্থতাই
আপনায়
হারানো অর্থেরে ফিরে পায়,
যেথা গিয়ে ছায়া
কোনো-এক রূপ ধরি পায় যেন কোনো-এক কায়া।
বুকের ভিতরে ওর পিছু হতে দেয় দোল
আশৈশব-পরিচিত দূর সংসারের কলরোল
প্রত্যাখ্যাত জীবনের প্রতিহত আশা
অজানার নিরুদ্দেশে প্রদোষ খুঁজিতে চলে বাসা।
যে পথে সে করেছিল যাত্রা একদিন
সেখানে নবীন
আলোকে আকাশ ওর মুখ চেয়ে উঠেছিল হেসে।
সে পথে পড়েছে আজ এসে
অজানা লোকের দল,
তাদের কন্ঠের ধ্বনি ওর কাছে ব্যর্থ কোলাহল।
যে যৌবনখানি
একদিন পথে যেতে বল্লভেরে দিয়েছিল আনি
মধুমদিরার রসে বেদনার নেশা
দুঃখে-সুখে-মেশা
সে রসের রিক্ত পাত্রে আজ শুষ্ক অবহেলা,
মধুপগুঞ্জনহীন যেন ক্লান্ত হেমন্তের বেলা।
সেঁজুতি
আজিকে চলেছে যারা খেলার সঙ্গী র আশে
ওরে ঠেলে যায় পথপাশে ;
যে খুঁজিছে দুর্গমের সাথি
ও পারে না তার পথে জ্বালাইতে বাতি
জীর্ণ কম্পমান হাতে
দুর্যোগের রাতে।
একদিন যারা সবে এ পথনির্মাণে
লেগেছিল আপনার জীবনের দানে
ও ছিল তাদেরি মাঝে
নানা কাজে —
সে পথ উহার আজ নহে।
সেথা আজি কোন্ দূত কী বারতা বহে
কোন্ লক্ষ্য-পানে
নাহি জানে।
পরিত্যক্ত একা বসি ভাবিতেছে, পাবে বুঝি দূরে
সংসারের গ্লানি ফেলে স্বর্গ-ঘেঁষা দুমূর্ল্য কিছুরে।
হায়, সেই কিছু
যাবে ওর আগে আগে প্রেতসম, ও চলিবে পিছু
ক্ষীণালোকে, প্রতিদিন ধরি-ধরি করি তারে
অবশেষে মিলাবে আঁধারে।"
অসমাপ্ত,মহুয়া,কবিতা,"বোলো তারে, বোলো,
এতদিনে তারে দেখা হল।
তখন বর্ষণশেষে
ছুঁয়েছিল রৌদ্র এসে
উন্মীলিত গুল্ মোরের থোলো।
বনের মন্দির-মাঝে
তরুর তম্বুরা বাজে,
অনন্তের উঠে স্তবগান,
চক্ষে জল বহে যায়,
নম্র হল বন্দনায়
আমার বিস্মিত মনপ্রাণ।
দেবতার বর
কত জন্ম কত জন্মান্তর
অব্যক্ত ভাগ্যের রাতে
লিখেছে আকাশ-পাতে
এ দেখার আশ্বাস-অক্ষর।
অস্তিত্বের পারে পারে
এ
দেখার বারতারে
বহিয়াছি রক্তের প্রবাহে।
দূর শূন্যে দৃষ্টি রাখি
আমার উন্মনা আঁখি
এ দেখার গূঢ় গান গাহে।
বোলো আজি তারে,
‘ চিনিলাম তোমারে আমারে।
হে অতিথি, চুপে চুপে
বারংবার ছায়ারূপে
এসেছ কম্পিত মোর দ্বারে।
কত রাত্রে চৈত্রমাসে
মহুয়া
প্রচ্ছন্ন পুষ্পের বাসে
কাছে-আসা নিশ্বাস তোমার
স্পন্দিত করেছে জানি
আমার গুণ্ঠনখানি,
কাঁদায়েছে সেতারের তার। '
বোলো তারে আজ —
‘ অন্তরে পেয়েছি বড়ো লাজ।
কিছু হয় নাই বলা,
বেধে গিয়েছিল গলা,
ছিল না দিনের যোগ্য সাজ।
আমার বক্ষের কাছে
পূর্ণিমা লুকানো আছে
সেদিন দেখেছ শুধু অমা।
দিনে দিনে অর্ঘ্য মম
পূর্ণ হবে, প্রিয়তম,
আজি মোর দৈন্য কোরো ক্ষমা।'"
৩৬,বলাকা,কবিতা,"সন্ধ্যারাগে ঝিলিমিলি ঝিলমের স্রোতখানি বাঁকা
আঁধারে মলিন হল— যেন
খাপে-ঢাকা
বাঁকা তলোয়ার ;
দিনের ভাঁটার শেষে
রাত্রির জোয়ার
এল তার ভেসে-আসা তারাফুল নিয়ে কালো জলে ;
অন্ধকার গিরিতটতলে
দেওদার তরু সারে সারে ;
মনে হল সৃষ্টি যেন স্বপ্নে চায় কথা কহিবারে,
বলিতে না পারে স্পষ্ট করি,
অব্যক্ত ধ্বনির পুঞ্জ অন্ধকারে উঠিছে গুমরি।
সহসা শুনিনু সেই ক্ষণে
সন্ধ্যার গগনে
শব্দের বিদ্যুৎছটা
শূন্যের প্রান্তরে
মুহূর্তে ছুটিয়া গেল দূর হতে দূরে দূরান্তরে।
হে হংস-বলাকা,
ঝঞ্ঝা-মদরসে মত্ত
তোমাদের পাখা
রাশি রাশি আনন্দের অট্টহাসে
বিস্ময়ের জাগরণ তরঙ্গিয়া চলিল আকাশে।
ওই পক্ষধ্বনি,
শব্দময়ী অপ্সর-রমণী
গেল চলি স্তব্ধতার
তপোভঙ্গ করি।
উঠিল শিহরি
গিরিশ্রেণী তিমির-মগন
,
শিহরিল দেওদার-বন।
মনে হল এ পাখার বাণী
দিল আনি
শুধু পলকের তরে
পুলকিত নিশ্চলের
অন্তরে অন্তরে
বেগের আবেগ।
বলাকা
পর্বত চাহিল হতে বৈশাখের নিরুদ্দেশ মেঘ ;
তরুশ্রেণী চাহে, পাখা মেলি
মাটির বন্ধন ফেলি
ওই শব্দরেখা ধরে চকিতে
হইতে দিশাহারা,
আকাশের খুঁজিতে কিনারা।
এ সন্ধ্যার স্বপ্ন
টুটে বেদনার ঢেউ উঠে জাগি
সুদূরের লাগি,
হে পাখা বিবাগী।
বাজিল ব্যাকুল বাণী
নিখিলের প্রাণে—
“ হেথা নয়, হেথা নয়,
আর কোন্ খানে। ”
হে হংস-বলাকা,
আজ রাত্রে মোর কাছে খুলে দিলে স্তব্ধতার ঢাকা।
শুনিতেছি আমি এই
নিঃশব্দের তলে
শূন্যে জলে স্থলে
অমনি পাখার শব্দ
উদ্দাম চঞ্চল।
তৃণদল
মাটির আকাশ-’পরে
ঝাপটিছে ডানা ;
মাটির আঁধার-নীচে, কে
জানে ঠিকানা,
মেলিতেছে অঙ্কুরের পাখা
লক্ষ লক্ষ বীজের বলাকা।
দেখিতেছি আমি আজি
এই গিরিরাজি,
এই বন, চলিয়াছে উন্মুক্ত ডানায়
দ্বীপ হতে দ্বীপান্তরে, অজানা হইতে অজানায়।
নক্ষত্রের পাখার স্পন্দনে
চমকিছে অন্ধকার আলোর ক্রন্দনে।
শুনিলাম মানবের কত বাণী দলে দলে
অলক্ষিত পথে উড়ে চলে
অস্পষ্ট অতীত হতে অস্ফুট সুদূর যুগান্তরে।
শুনিলাম আপন অন্তরে
অসংখ্য পাখির সাথে
বলাকা
দিনেরাতে
এই বাসাছাড়া পাখি ধায় আলো-অন্ধকারে
কোন্ পার হতে কোন্ পারে।
ধ্বনিয়া উঠিছে শূন্য নিখিলের পাখার এ গানে—
“ হেথা নয়, অন্য কোথা, অন্য কোথা, অন্য কোন্ খানে
। ”"
একজন লোক,পুনশ্চ,কবিতা,"আধবুড়ো হিন্দুস্থানি,
রোগা লম্বা মানুষ —
পাকা গোঁফ, দাড়ি - কামানো মুখ
শুকিয়ে - আসা ফলের মতো।
ছিটের মের্ জাই গায়ে, মালকোঁচা ধুতি,
বাঁ কাঁধে ছাতি, ডান হাতে খাটো লাঠি,
পায়ে নাগরা — চলেছে শহরের দিকে।
ভাদ্রমাসের সকালবেলা,
পাতলা মেঘের ঝাপসা রোদ্ দুর;
কাল গিয়েছে কম্বল - চাপা হাঁপিয়ে - ওঠা রাত,
আজ
সকালে কুয়াশা - ভিজে হাওয়া
দোমনা ক'রে বইছে আমলকীর কচি ডালে।
পথিকটিকে দেখা গেল
আমার বিশ্বের শেষরেখাতে
যেখানে বস্তুহারা ছায়াছবির চলাচল।
ওকে শুধু জানলুম একজন লোক।
ওর নাম নেই, সংজ্ঞা নেই, বেদনা নেই,
কিছুতে নেই কোনো দরকার —
কেবল
হাটে - চলার পথে
ভাদ্রমাসের সকালবেলায়
একজন
লোক।
সেও আমায় গেছে দেখে
তার জগতের পোড়ো জমির শেষ সীমানায়,
যেখানকার নীল কুয়াশার মাঝে
কারো সঙ্গে সম্বন্ধ নেই
কারো,
যেখানে
আমি — একজন লোক।
তার ঘরে তার বাছুর আছে,
ময়না আছে খাঁচায়;
স্ত্রী আছে তার, জাঁতায় আটা ভাঙে,
পুনশ্চ
পিতলের মোটা কাঁকন হাতে;
আছে তার ধোবা প্রতিবেশী,
আছে
মুদি দোকানদার
দেনা আছে কাবুলিদের কাছে;
কোনোখানেই নেই
আমি— একজন লোক।"
অনসূয়া,সানাই,কবিতা,"কাঁঠালের ভূতি-পচা, আমানি, মাছের যত আঁশ,
রান্নাঘরের পাঁশ,
মরা বিড়ালের দেহ,
পেঁকো নর্দমায়
বীভৎস মাছির দল ঐকতান-বাদন জমায়।
শেষরাত্রে মাতাল বাসায়
স্ত্রীকে মারে, গালি দেয় গদ্ গদ ভাষায়,
ঘুমভাঙা পাশের বাড়িতে
পাড়াপ্রতিবেশী থাকে হুংকার ছাড়িতে।
ভদ্রতার বোধ যায় চলে,
মনে হয় নরহত্যা পাপ নয়
ব ' লে।
কুকুরটা, সর্ব অঙ্গে ক্ষত,
বিছানায় শোয় এসে, আমি
নিদ্রাগত।
নিজেরে জানান দেয় তীব্রকণ্ঠে আত্মশ্লাঘী সতী
রণচন্ডা চন্ডী মূর্তিমতী।
মোটা
সিঁদুরের রেখা আঁকা,
হাতে মোটা শাঁখা,
শাড়ি লাল-পেড়ে,
খাটো খোঁপা-পিন্ডটুকু ছেড়ে
ঘোমটার প্রান্ত ওঠে টাকের সীমায় —
অস্থির সমস্ত পাড়া এ মেয়ের সতী-মহিমায়।
এ গলিতে বাস মোর, তবু আমি জন্ম-রোমান্টিক —
আমি সেই পথের পথিক
যে-পথ দেখায়ে চলে
দক্ষিণে বাতাসে,
পাখির ইশারা যায় যে-পথের অলক্ষ্য আকাশে।
মৌমাছি যে-পথ জানে
মাধবীর অদৃশ্য আহ্বানে।
এটা সত্য কিংবা সত্য ওটা
মোর কাছে মিথ্যা সে তর্কটা।
সানাই
আকাশকুসুম-কুঞ্জবনে,
দিগঙ্গনে
ভিত্তিহীন যে-বাসা আমার
সেখানেই পলাতকা
আসা-যাওয়া করে বার-বার।
আজি এই চৈত্রের খেয়ালে
মনেরে জড়ালো ইন্দ্রজালে।
দেশকাল
ভুলে গেল তার বাঁধা তাল।
নায়িকা আসিল নেমে
আকাশপ্রদীপে আলো পেয়ে।
সেই মেয়ে
নহে বিংশ-শতকিয়া
ছন্দোহারা কবিদের
ব্যঙ্গহাসি-বিহসিত প্রিয়া।
সে নয় ইকনমিক্ স্ -পরীক্ষাবাহিনী
আতপ্ত বসন্তে আজি নিশ্বসিত যাহার কাহিনী।
অনসূয়া নাম তার, প্রাকৃতভাষায়
কারে সে বিস্মৃত যুগে কাঁদায় হাসায়,
অশ্রুত হাসির ধ্বনি মিলায় সে কলকোলাহলে
শিপ্রাতটতলে।
পিনদ্ধ বল্কলবন্ধে
যৌবনের বন্দী দূত দোঁহে
জাগে অঙ্গে উদ্ধত বিদ্রোহে।
অযতনে এলায়িত রুক্ষ কেশপাশ
বনপথে মেলে চলে মৃদুমন্দ গন্ধের আভাস।
প্রিয়কে সে বলে, ‘ পিয় ',
বাণী লোভনীয় —
এনে দেয় রোমা ঞ্চ -হরষ
কোমল সে ধ্বনির পরশ।
সোহাগের নাম দেয় মাধবীরে
আলিঙ্গনে ঘিরে,
এ মাধুরী যে দেখে গোপনে
ঈর্ষার বেদনা পায় মনে।
সানাই
যখন নৃপতি ছিল
উচ্ছৃঙ্খল উন্মত্তের মতো
দয়াহীন ছলনায় রত
আমি কবি অনাবিল সরল মাধুরী
করিতেছিলাম চুরি
এলা-বনচ্ছায়ে এক কোণে,
মধুকর যেমন গোপনে
ফুলমধু লয় হরি
নিভৃত ভান্ডার ভরি ভরি
মালতীর স্মিত সম্মতিতে।
ছিল সে গাঁথিতে
নতশিরে পুষ্পহার
সদ্য-তোলা কুঁড়ি মল্লিকার।
বলেছিনু, আমি দেব ছন্দের গাঁথুনি
কথা চুনি চুনি।
অয়ি মালবিকা
অভিসার-যাত্রাপথে কখনো বহ নি দীপশিখা।
অর্ধাবগুণ্ঠিত ছিলে
কাব্যে শুধু ইঙ্গিত-আড়ালে,
নিঃশবদে চরণ বাড়ালে
হৃদয়প্রাঙ্গণে আজি স্পষ্ট আলোকে —
বিস্মিত চাহনিখানি বিস্ফারিত কালো দুটি চোখে,
বহু মৌনী শতাব্দীর মাঝে দেখিলাম —
প্রিয় নাম
প্রথম শুনিলে বুঝি কবিকণ্ঠস্বরে
দূর
যুগান্তরে।
বোধ হল, তুলে ধ ' রে ডালা
মোর হাতে দিলে তব আধফোটা মল্লিকার মালা।
সুকুমার অঙ্গুলির ভঙ্গীটুকু মনে ধ্যান ক ' রে
ছবি আঁকিলাম বসে চৈত্রের প্রহরে।
স্বপ্নের বাঁশিটি আজ ফেলে তব
কোলে
আর-বার যেতে হবে চ ' লে
সেথা, যেথা বাস্তবের মিথ্যা বঞ্চনায়
দিন চলে যায়।"
উৎসর্গ,আরোগ্য,কবিতা,"কল্যাণীয় শ্রীসুরেন্দ্রনাথ কর
বহু লোক এসেছিল জীবনের প্রথম প্রভাতে —
কেহ বা খেলার সাথী, কেহ কৌতূহলী,
কেহ কাজে সঙ্গ দিতে, কেহ দিতে বাধা।
আজ যারা কাছে আছ এ নিঃস্ব প্রহরে,
পরিশ্রান্ত প্রদোষের অবসন্ন নিস্তেজ আলোয়
তোমরা আপন দীপ আনিয়াছ হাতে,
খেয়া ছাড়িবার আগে তীরের বিদায়স্পর্শ দিতে।
তোমরা পথিকবন্ধু,
যেমন রাত্রির তারা
অন্ধকারে লুপ্তপথ যাত্রীর শেষের ক্লিষ্ট ক্ষণে।
উদয়ন
৪ ফেব্রুয়ারি ১৯৪১
সকাল"
৫,গীতালি,কবিতা,"আলো যে
যায় রে দেখা—
হৃদয়ের
পুব - গগনে
সোনার রেখা।
এবারে
ঘুচল কি ভয়।
এবারে
হবে কি জয়।
আকাশে
হল কি ক্ষয়
কালির লেখা।
কারে ওই
যায় গো দেখা,
হৃদয়ের সাগরতীরে
দাঁড়ায় একা?
ওরে তুই
সকল ভুলে
চেয় থাক্
নয়ন তুলে—
নীরবে
চরণ - মূলে
মাথা ঠেকা।"
৭,শেষ লেখা,কবিতা,"জীবন পবিত্র জানি,
অভাব্য স্বরূপ তার
অজ্ঞেয় রহস্য-উৎস হতে
পেয়েছে প্রকাশ
কোন্ অলক্ষিত পথ দিয়ে,
সন্ধান মেলে না তার।
প্রত্যহ নূতন নির্মলতা
দিল তারে সূর্যোদয়
লক্ষ ক্রোশ হতে
স্বর্ণঘটে পূর্ণ করি আলোকের অভিষেকধারা।
সে জীবন বাণী দিল দিবসরাত্রিরে,
রচিল অরণ্যফুলে অদৃশ্যের পূজা-আয়োজন,
আরতির দীপ দিল জ্বালি
নিঃশব্দ প্রহরে।
চিত্ত তারে নিবেদিল
জন্মের প্রথম ভালোবাসা।
প্রত্যহের সব ভালোবাসা
তারি আদি সোনার কাঠিতে
উঠেছে জাগিয়া ;
প্রিয়ারে বেসেছি ভালো,
বেসেছি ফুলের মঞ্জরিকে ;
করেছে সে অন্তরতম
পরশ করেছে যারে।
জন্মের প্রথম গ্রন্থে নিয়ে আসে অলিখিত পাতা,
দিনে দিনে পূর্ণ হয় বাণীতে বাণীতে।
আপনার পরিচয় গাঁথা হয়ে চলে,
দিনশেষে পরিস্ফুট হয়ে ওঠে ছবি,
নিজেরে চিনিতে পারে
রূপকার নিজের স্বাক্ষরে,
তার পরে মুছে ফেলে বর্ণ তার রেখা তার
উদাসীন চিত্রকর কালো কালি দিয়ে ;
কিছু বা যায় না মোছা সুবর্ণের লিপি,
ধ্রুবতারকার পাশে জাগে তার জ্যোতিষ্কের লীলা।"
অচল স্মৃতি,সোনার তরী,কবিতা,"আমার হৃদয়ভূমি-মাঝখানে
জাগিয়া রয়েছে নিতি
অচল ধবল শৈল-সমান
একটি অচল
স্মৃতি।
প্রতিদিন
ঘিরি ঘিরি
সে নীরব
হিমগিরি
আমার দিবস আমার রজনী
আসিছে যেতেছে ফিরি।
যেখানে চরণ রেখেছে সে মোর
মর্ম গভীরতম —
উন্নত শির রয়েছে তুলিয়া
সকল উচ্চে মম।
মোর কল্পনা শত
রঙিন মেঘের মতো
তাহারে ঘেরিয়া হাসিছে কাঁদিছে,
সোহাগে
হতেছে নত।
আমার শ্যামল তরুলতাগুলি
ফুলপল্লবভারে
সরস কোমল বাহুবেষ্টনে
বাঁধিতে চাহিছে তারে।
শিখর গগনলীন
দুর্গম জনহীন,
বাসনাবিহগ একেলা সেথায়
ধাইছে রাত্রিদিন।
চারি দিকে তার কত আসা-যাওয়া,
কত গীত, কত কথা —
মাঝখানে শুধু ধ্যানের মতন
সোনার তরী
নিশ্চল
নীরবতা।
দূরে গেলে তবু, একা
সে শিখর যায় দেখা —
চিত্তগগনে আঁকা থাকে তার
নিত্যনীহাররেখা।"
৩৪,খাপছাড়া,কবিতা,"খ্যাতি আছে সুন্দরী বলে তার,
ত্রুটি ঘটে নুন দিতে ঝোলে তার ;
চিনি কম পড়ে বটে পায়সে
স্বামী তবু চোখ বুজে
খায় সে —
যা পায় তাহাই মুখে তোলে তার,
দোষ দিতে মুখ নাহি খোলে তার।"
পূর্ণা,সানাই,কবিতা,"তুমি গো পঞ্চদশী
শুক্লা নিশার অভিসারপথে
চরম তিথির শশী।
স্মিত স্বপ্নের আভাস লেগেছে
বিহ্বল তব রাতে।
ক্বচিৎ চকিত বিহগকাকলি
তব যৌবনে উঠিছে আকুলি
নব আষাঢ়ের কেতকীগন্ধ-
শিথিলিত নিদ্রাতে।
যেন অশ্রুত বনমর্মর
তোমার বক্ষে কাঁপে থরথর।
অগোচর চেতনার
অকারণ বেদনার
ছায়া এসে পড়ে মনের দিগন্তে
গোপন অশান্তি
উছলিয়া তুলে ছলছল জল
কজ্জল-আঁখিপাতে।"
ভালো করে বলে যাও,মানসী,কবিতা,"ওগো,
ভালো করে
বলে যাও।
বাঁশরি বাজায়ে যে কথা জানাতে
সে-কথা বুঝায়ে দাও।
যদি
না বলিবে কিছু, তবে কেন এসে
মুখপানে শুধু চাও!
আজি
অন্ধতামসী নিশি।
মেঘের আড়ালে গগনের তারা
সবগুলি গেছে মিশি।
শুধু
বাদলের বায় করি হায়-হায়
আকুলিছে দশ দিশি।
আমি কুন্তল
দিব খুলে।
অঞ্চলমাঝে ঢাকিব তোমায়
নিশীথনিবিড়
চুলে।
দুটি
বাহুপাশে বাঁধি নত মুখখানি
বক্ষে লইব তুলে।
সেথা
নিভৃতনিলয়সুখে
আপনার মনে বলে যেয়ো কথা
মিলনমুদিত বুকে,
আমি
নয়ন মুদিয়া শুনিব কেবল
চাহিব না মুখে মুখে।
যবে
ফুরাবে তোমার কথা
যে যেমন আছি রহিব বসিয়া
চিত্রপুতলি যথা।
শুধু
শিয়রে দাঁড়ায়ে করে কানাকানি
মর্মর তরুলতা।
মানসী
শেষে রজনীর
অবসানে
অরুণ উদিলে, ক্ষণেকের তরে
চাব দুঁহু দোঁহা-পানে।
ধীরে
ঘরে যাব ফিরে দোঁহে দুই পথে
জলভরা দু’নুয়ানে।
তবে
ভালো করে বলে যাও।
আঁখিতে
বাঁশিতে যে কথা ভাষিতে
সে কথা বুঝায়ে দাও।
শুধু
কম্পিত সুরে আধো ভাষা পূরে
কেন এসে গান গাও!"
বসুন্ধরা,সোনার তরী,কবিতা,"আমারে ফিরায়ে লহো অয়ি বসুন্ধরে,
কোলের সন্তানে তব কোলের ভিতরে,
বিপুল অঞ্চল-তলে। ওগো মা মৃন্ময়ী,
তোমার মৃত্তিকা-মাঝে ব্যাপ্ত হয়ে রই;
দিগ্বিদিকে আপনারে দিই বিস্তারিয়া
বসন্তের আনন্দের মতো; বিদারিয়া
এ বক্ষপঞ্জর, টুটিয়া পাষাণ-বন্ধ
সংকীর্ণ প্রাচীর, আপনার নিরানন্দ
অন্ধ কারাগার, হিল্লোলিয়া, মর্মরিয়া,
কম্পিয়া, স্খলিয়া, বিকিরিয়া, বিচ্ছুরিয়া,
শিহরিয়া, সচকিয়া আলোকে পুলকে
প্রবাহিয়া চলে যাই সমস্ত ভূলোকে
প্রান্ত হতে প্রান্তভাগে, উত্তরে দক্ষিণে,
পুরবে পশ্চিমে— শৈবালে শাদ্বলে তৃণে
শাখায় বল্কলে পত্রে উঠি সরসিয়া
নিগূঢ় জীবনরসে; যাই পরশিয়া
স্বর্ণশীর্ষে আনমিত শস্যক্ষেত্রতল
অঙ্গুলির আন্দোলনে; নব পুষ্পদল
করি পূর্ণ সংগোপনে সুবর্ণলেখায়
সুধাগন্ধে মধুবিন্দুভারে; নীলিমায়
পরিব্যাপ্ত করি দিয়া মহাসিন্ধুনীর
তীরে তীরে করি নৃত্য স্তব্ধ ধরণীর,
অনন্ত কল্লোলগীতে; উল্লসিত রঙ্গে
ভাষা প্রসারিয়া দিই তরঙ্গে তরঙ্গে
দিক-দিগন্তরে; শুভ্র-উত্তরীয়প্রায়
শৈলশৃঙ্গে বিছাইয়া দিই আপনায়
নিষ্কলঙ্ক নীহারের উত্তুঙ্গ নির্জনে,
নিঃশব্দ নিভৃতে।
যে ইচ্ছা গোপনে মনে
সোনার তরী
উৎসসম উঠিতেছে অজ্ঞাতে আমার
বহুকাল ধ’রে, হৃদয়ের চারি ধার
ক্রমে পরিপূর্ণ করি বাহিরিতে চাহে
উদ্ বেল উদ্দাম মুক্ত উদার প্রবাহে
সিঞ্চিতে তোমায়— ব্যথিত সে বাসনারে
বন্ধমুক্ত করি দিয়া শতলক্ষ ধারে
দেশে দেশে দিকে দিকে পাঠাব কেমনে
অন্তর ভেদিয়া! বসি শুধু গৃহকোণে
লুব্ধ চিত্তে করিতেছি সদা অধ্যয়ন,
দেশে দেশান্তরে কারা করেছে ভ্রমণ
কৌতূহলবশে; আমি তাহাদের সনে
করিতেছি তোমারে বেষ্টন মনে মনে
কল্পনার জালে।
সুদুর্গম দূরদেশ—
পথশূন্য তরুশূন্য প্রান্তর অশেষ,
মহাপিপাসার রঙ্গভূমি; রৌদ্রালোকে
জ্বলন্ত বালুকারাশি সূচি বিঁধে চোখে;
দিগন্তবিস্তৃত যেন ধুলিশয্যা-’পরে
জ্বরাতুরা বসুন্ধরা লুটাইছে পড়ে
তপ্তদেহ, উষ্ণশ্বাস বহ্নিজ্বালাময়,
শুষ্ককণ্ঠ, সঙ্গহীন, নিঃশব্দ, নির্দয়।
কতদিন গৃহপ্রান্তে বসি বাতায়নে
দূরদূরান্তের দৃশ্য আঁকিয়াছি মনে
চাহিয়া সম্মুখে; চারি দিকে শৈলমালা,
মধ্যে নীল সরোবর নিস্তব্ধ নিরালা
স্ফটিকনির্মল স্বচ্ছ; খণ্ড মেঘগণ
মাতৃস্তনপানরত শিশুর মতন
পড়ে আছে শিখর আঁকড়ি; হিমরেখা
নীলগিরিশ্রেণী-’পরে দূরে যায় দেখা
দৃষ্টিরোধ করি, যেন নিশ্চল নিষেধ
উঠিয়াছে সারি সারি স্বর্গ করি ভেদ
সোনার তরী
যোগমগ্ন ধূর্জটির তপোবন-দ্বারে।
মনে মনে ভ্রমিয়াছি দূর সিন্ধুপারে
মহামেরুদেশে— যেখানে লয়েছে ধরা
অনন্তকুমারীব্রত, হিমবস্ত্রপরা,
নিঃসঙ্গ, নি:স্পৃহ, সর্ব-আভরণহীন;
যেথা দীর্ঘরাত্রিশেষে ফিরে আসে দিন
শব্দশূন্য সংগীতবিহীন; রাত্রি আসে,
ঘুমাবার কেহ নাই, অনন্ত আকাশে
অনিমেষ জেগে থাকে নিদ্রাতন্দ্রাহত
শূন্যশয্যা মৃতপুত্রা জননীর মতো।
নূতন দেশের নাম যত পাঠ করি,
বিচিত্র বর্ণনা শুনি, চিত্ত অগ্রসরি
সমস্ত স্পর্শিতে চাহে— সমুদ্রের তটে
ছোটো ছোটো নীলবর্ণ পর্বতসংকটে
একখানি গ্রাম, তীরে শুকাইছে জাল,
জলে ভাসিতেছে তরী, উড়িতেছে পাল,
জেলে ধরিতেছে মাছ, গিরিমধ্যপথে
সংকীর্ণ নদীটি চলি আসে কোনোমতে
আঁকিয়া বাঁকিয়া; ইচ্ছা করে, সে নিভৃত
গিরিক্রোড়ে সুখাসীন ঊর্মিমুখরিত
লোকনীড়খানি হৃদয়ে বেষ্টিয়া ধরি
বাহুপাশে। ইচ্ছা করে, আপনার করি
যেখানে যা-কিছু আছে; নদীস্রোতোনীরে
আপনারে গলাইয়া দুই তীরে তীরে
নব নব লোকালয়ে করে যাই দান
পিপাসার জল, গেয়ে যাই কলগান
দিবসে নিশীথে; পৃথিবীর মাঝখানে
উদয়সমুদ্র হতে অস্তসিন্ধু-পানে
প্রসারিয়া আপনারে, তুঙ্গ গিরিরাজি
আপনার সুদুর্গম রহস্যে বিরাজি,
কঠিন পাষাণক্রোড়ে তীব্র হিমবায়ে
মানুষ করিয়া তুলি লুকায়ে লুকায়ে
সোনার তরী
নব নব জাতি। ইচ্ছা করে মনে মনে,
স্বজাতি হইয়া থাকি সর্বলোকসনে
দেশে দেশান্তরে; উষ্ট্রদুগ্ধ করি পান
মরুতে মানুষ হই আরব-সন্তান
দুর্দম স্বাধীন; তিব্বতের গিরিতটে
নির্লিপ্ত প্রস্তরপুরী-মাঝে, বৌদ্ধমঠে
করি বিচরণ। দ্রাক্ষাপায়ী পারসিক
গোলাপকাননবাসী, তাতার নির্ভীক
অশ্বারূঢ়, শিষ্টাচারী সতেজ জাপান,
প্রবীণ প্রাচীন চীন নিশিদিনমান
কর্ম-অনুরত— সকলের ঘরে ঘরে
জন্মলাভ করে লই হেন ইচ্ছা করে।
অরুগ্ন বলিষ্ঠ হিংস্র নগ্ন বর্বরতা—
নাহি কোনো ধর্মাধর্ম, নাহি কোনো প্রথা,
নাহি কোনো বাধাবন্ধ, নাই চিন্তাজ্বর,
নাহি কিছু দ্বিধাদ্বন্দ্ব, নাই ঘর পর,
উন্মুক্ত জীবনস্রোত বহে দিনরাত
সম্মুখে আঘাত করি সহিয়া আঘাত
অকাতরে; পরিতাপ-জর্জর পরানে
বৃথা ক্ষোভে নাহি চায় অতীতের পানে,
ভবিষ্যৎ নাহি হেরে মিথ্যা দুরাশায়—
বর্তমান-তরঙ্গের চূড়ায় চূড়ায়
নৃত্য করে চলে যায় আবেগে উল্লাসি—
উচ্ছৃঙ্খল সে-জীবন সেও ভালোবাসি;
কত বার ইচ্ছা করে সেই প্রাণঝড়ে
ছুটিয়া চলিয়া যাই পূর্ণপালভরে
লঘু তরী-সম।
হিংস্র ব্যাঘ্র অটবীর
আপন প্রচণ্ড বলে প্রকাণ্ড শরীর
বহিতেছে অবহেলে; দেহ দীপ্তোজ্জ্বল
অরণ্যমেঘের তলে প্রচ্ছন্ন-অনল
সোনার তরী
বজ্রের মতন, রুদ্র মেঘমন্দ্র স্বরে
পড়ে আসি অতর্কিত শিকারের ‘পরে
বিদ্যুতের বেগে; অনায়াস সে মহিমা,
হিংসাতীব্র সে আনন্দ, সে দৃপ্ত গরিমা,
ইচ্ছা করে একবার লভি তার স্বাদ।
ইচ্ছা করে, বারবার মিটাইতে সাধ
পান করি বিশ্বের সকল পাত্র হতে
আনন্দমদিরাধারা নব নব স্রোতে।
হে সুন্দরী বসুন্ধরে, তোমা পানে চেয়ে
কত বার প্রাণ মোর উঠিয়াছে গেয়ে
প্রকাণ্ড উল্লাসভরে; ইচ্ছা করিয়াছে—
সবলে আঁকড়ি ধরি এ বক্ষের কাছে
সমুদ্রমেখলাপরা তব কটিদেশ;
প্রভাত-রৌদ্রের মতো অনন্ত অশেষ
ব্যাপ্ত হয়ে দিকে দিকে, অরণ্যে ভূধরে
কম্পমান পল্লবের হিল্লোলের ‘পরে
করি নৃত্য সারাবেলা, করিয়া চুম্বন
প্রত্যেক কুসুমকলি, করি’ আলিঙ্গন
সঘন কোমল শ্যাম তৃণক্ষেত্রগুলি,
প্রত্যেক তরঙ্গ-’পরে সারাদিন দুলি’
আনন্দ-দোলায়। রজনীতে চূপে চূপে
নিঃশব্দ চরণে, বিশ্বব্যাপী নিদ্রারূপে
তোমার সমস্ত পশুপক্ষীর নয়নে
অঙ্গুলি বুলায়ে দিই, শয়নে শয়নে
নীড়ে নীড়ে গৃহে গৃহে গুহায় গুহায়
করিয়া প্রবেশ, বৃহৎ অঞ্চলপ্রায়
আপনারে বিস্তারিয়া ঢাকি বিশ্বভূমি
সুস্নিগ্ধ আঁধারে।
আমার পৃথিবী তুমি
বহু বরষের, তোমার মৃত্তিকাসনে
আমারে মিশায়ে লয়ে অনন্ত গগনে
সোনার তরী
অশ্রান্ত চরণে করিয়াছ প্রদক্ষিণ
সবিতৃমণ্ডল, অসংখ্য রজনীদিন
যুগযুগান্তর ধরি আমার মাঝারে
উঠিয়াছে তৃণ তব, পুষ্প ভারে ভারে
ফুটিয়াছে, বর্ষণ করেছে তরুরাজি
পত্রফুলফল গন্ধরেণু। তাই আজি
কোনো দিন আনমনে বসিয়া একাকী
পদ্মাতীরে, সম্মুখে মেলিয়া মুগ্ধ আঁখি
সর্ব অঙ্গে সর্ব মনে অনুভব করি—
তোমার মৃত্তিকা-মাঝে কেমনে শিহরি
উঠিতেছে তৃণাঙ্কুর, তোমার অন্তরে
কী জীবনরসধারা অহর্নিশি ধরে
করিতেছে সঞ্চরণ, কুসুমমুকুল
কী অন্ধ আনন্দভরে ফুটিয়া আকুল
সুন্দর বৃন্তের মুখে, নব রৌদ্রালোকে
তরুলতাতৃণগুল্ম কী গূঢ় পুলকে
কী মূঢ় প্রমোদরসে উঠে হরষিয়া—
মাতৃস্তনপানশ্রান্ত পরিতৃপ্ত-হিয়া
সুখস্বপ্নহাস্যমুখ শিশুর মতন।
তাই আজি কোনো দিন— শরৎ-কিরণ
পড়ে যবে পক্কশীর্ষ স্বর্ণক্ষেত্র-’পরে,
নারিকেলদলগুলি কাঁপে বায়ুভরে
আলোকে ঝিকিয়া, জাগে মহাব্যাকুলতা—
মনে পড়ে বুঝি সেই দিবসের কথা
মন যবে ছিল মোর সর্বব্যাপী হয়ে
জলে স্থলে, অরণ্যের পল্লবনিলয়ে,
আকাশের নীলিমায়। ডাকে যেন মোরে
অব্যক্ত আহ্বানরবে শত বার করে
সমস্ত ভুবন; সে বিচিত্র সে বৃহৎ
খেলাঘর হতে, মিশ্রিত মর্মরবৎ
শুনিবারে পাই যেন চিরদিনকার
সোনার তরী
সঙ্গীদের লক্ষবিধ আনন্দ-খেলার
পরিচিত রব। সেথায় ফিরায়ে লহো
মোরে আরবার; দূর করো সে বিরহ
যে বিরহ থেকে থেকে জেগে ওঠে মনে
হেরি যবে সম্মুখেতে সন্ধ্যার কিরণে
বিশাল প্রান্তর, যবে ফিরে গাভীগুলি
দূর গোষ্ঠে—মাঠপথে উড়াইয়া ধূলি,
তরুঘেরা গ্রাম হতে উঠে ধূমলেখা
সন্ধ্যাকাশে; যবে চন্দ্র দূরে দেয় দেখা
শ্রান্ত পথিকের মতো অতি ধীরে ধীরে
নদীপ্রান্তে জনশূন্য বালুকার তীরে,
মনে হয় আপনারে একাকী প্রবাসী
নির্বাসিত, বাহু বাড়াইয়া ধেয়ে আসি
সমস্ত বাহিরখানি লইতে অন্তরে—
এ আকাশ, এ ধরণী, এই নদী-’পরে
শুভ্র শান্ত সুপ্ত জ্যোৎস্নারাশি। কিছু নাহি
পারি পরশিতে, শুধু শূন্যে থাকি চাহি
বিষাদব্যাকুল। আমারে ফিরায়ে লহ
সেই সর্বমাঝে, যেথা হতে অহরহ
অঙ্কুরিছে মুকুলিছে মুঞ্জরিছে প্রাণ
শতেক সহস্ররূপে, গুঞ্জরিছে গান
শতলক্ষ সুরে, উচ্ছ্বসি উঠিছে নৃত্য
অসংখ্য ভঙ্গিতে, প্রবাহি যেতেছে চিত্ত
ভাবস্রোতে, ছিদ্রে ছিদ্রে বাজিতেছে বেণু
দাঁড়ায়ে রয়েছ তুমি শ্যাম কল্পধেনু,
তোমারে সহস্র দিকে করিছে দোহন
তরুলতা পশুপক্ষী কত অগণন
তৃষিত পরানি যত, আনন্দের রস
কত রূপে হতেছে বর্ষণ, দিক দশ
ধ্বনিছে কল্লোলগীতে। নিখিলের সেই
বিচিত্র আনন্দ যত এক মুহূর্তেই
একত্রে করিব আস্বাদন, এক হয়ে
সোনার তরী
সকলের সনে। আমার আনন্দ লয়ে
হবে না কি শ্যামতর অরণ্য তোমার,
প্রভাতআলোক-মাঝে হবে না সঞ্চার
নবীন কিরণকম্প? মোর মুগ্ধ ভাবে
আকাশ ধরণীতল আঁকা হয়ে যাবে
হৃদয়ের রঙে— যা দেখে কবির মনে
জাগিবে কবিতা, প্রেমিকের দু-নয়নে
লাগিবে ভাবের ঘোর, বিহঙ্গের মুখে
সহসা আসিবে গান। সহস্রের সুখে
রঞ্জিত হইয়া আছে সর্বাঙ্গ তোমার
হে বসুধে, জীবস্রোত কত বারম্বার
তোমারে মণ্ডিত করি আপন জীবনে
গিয়েছে ফিরেছে, তোমার মৃত্তিকাসনে
মিশায়েছে অন্তরে প্রেম, গেছে লিখে
কত লেখা, বিছায়েছে কত দিকে দিকে
ব্যাকুল প্রাণের আলিঙ্গন; তারি সনে
আমার সমস্ত প্রেম মিশায়ে যতনে
তোমার অঞ্চলখানি দিব রাঙাইয়া
সজীব বরনে; আমার সকল দিয়া
সাজাব তোমারে। নদীজলে মোর গান
পাবে না কি শুনিবারে কোনো মুগ্ধ কান
নদীকূল হতে? উষালোকে মোর হাসি
পাবে না কি দেখিবারে কোনো মর্তবাসী
নিদ্রা হতে উঠি? আজ শতবর্ষ পরে
এ সুন্দর অরণ্যের পল্লবের স্তরে
কাঁপিবে না আমার পরান? ঘরে ঘরে
কত শত নরনারী চিরকাল ধ’রে
পাতিবে সংসারখেলা, তাহাদের প্রেমে
কিছু কি রব না আমি? আসিব না নেমে
তাদের মুখের ‘পরে হাসির মতন,
তাদের সর্বাঙ্গমাঝে সরস যৌবন,
তাদের বসন্তদিনে অকস্মাৎ সুখ,
সোনার তরী
তাদের মনের কোণে নবীন উন্মুখ
প্রেমের অঙ্কুররূপে; ছেড়ে দিবে তুমি
আমারে কি একেবারে ওগো মাতৃভূমি—
যুগযুগান্তের মহা মৃত্তিকা-বন্ধন
সহসা কি ছিঁড়ে যাবে? করিব গমন
ছাড়ি লক্ষ বরষের স্নিগ্ধ ক্রোড়খানি?
চতুর্দিক হতে মোরে লবে না কি টানি
এই-সব তরু লতা গিরি নদী বন,
এই চিরদিবসের সুনীল গগন,
এ জীবনপরিপূর্ণ উদার সমীর,
জাগরণপূর্ণ আলো, সমস্ত প্রাণীর
অন্তরে অন্তরে গাঁথা জীবনসমাজ?
ফিরিব তোমারে ঘিরি, করিব বিরাজ
তোমার আত্মীয়মাঝে; কীট পশু পাখি
তরু গুল্ম লতা রূপে বারম্বার ডাকি
আমারে লইবে তব প্রাণতপ্ত বুকে;
যুগে যুগে জন্মে জন্মে স্তন দিয়ে মুখে
মিটাইবে জীবনের শত লক্ষ ক্ষুধা
শত লক্ষ আনন্দের স্তন্যরসসুধা
নিঃশেষে নিবিড় স্নেহে করাইয়া পান।
তার পরে ধরিত্রীর যুবক সন্তান
বাহিরিব জগতের মহাদেশমাঝে
অতি দূর দূরান্তরে জ্যোতিষ্কসমাজে
সুদুর্গম পথে। এখনো মিটে নি আশা,
এখনো তোমার স্তন-অমৃত-পিপাসা
মুখেতে রয়েছে লাগি, তোমার আনন
এখনো জাগায় চোখে সুন্দর স্বপন,
এখনো কিছুই তব করি নাই শেষ,
সকলি রহস্যপূর্ণ, নেত্র অনিমেষ
বিস্ময়ের শেষতল খুঁজে নাহি পায়,
এখনো তোমার বুকে আছি শিশুপ্রায়
মুখপানে চেয়ে। জননী, লহো গো মোরে
সোনার তরী
সঘনবন্ধন তব বাহুযুগে ধ'রে—
আমারে করিয়া লহো তোমার বুকের—
তোমার বিপুল প্রাণ বিচিত্র সুখের
উৎস উঠিতেছে যেথা সে গোপন পুরে
আমারে লইয়া যাও— রাখিয়ো না দূরে।"
৩৩,উৎসর্গ,কবিতা,"দেখো চেয়ে গিরির শিরে
মেঘ করেছে গগন ঘিরে,
আর কোরো না
দেরি।
ওগো আমার মনোহরণ,
ওগো স্নিগ্ধ ঘনবরন,
দাঁড়াও,
তোমায় হেরি।
দাঁড়াও গো ওই আকাশ - কোলে,
দাঁড়াও আমার হৃদয় - দোলে,
দাঁড়াও গো
ওই শ্যামল - তৃণ - ' পরে,
আকুল চোখের বারি বেয়ে
দাঁড়াও আমার নয়ন ছেয়ে,
জন্মে জন্মে
যুগে যুগান্তরে।
অমনি করে ঘনিয়ে তুমি এসো,
অমনি করে তড়িৎ - হাসি হেসো,
অমনি করে
উড়িয়ে দিয়ো কেশ।
অমনি করে নিবিড় ধারা - জলে
অমনি করে ঘন তিমির - তলে
আমায় তুমি
করো নিরুদ্দেশ।
ওগো তোমার দরশ লাগি
ওগো তোমার পরশ মাগি
গুমরে মোর
হিয়া।
রহি রহি পরান ব্যেপে
আগুন - রেখা কেঁপে কেঁপে
যায় যে
ঝলকিয়া।
আমার চিত্ত - আকাশ জুড়ে
বলাকা - দল যাচ্ছে উড়ে
জানি নে
কোন্ দূর - সমুদ্র - পারে।
সজল বায়ু উদাস ছুটে,
কোথায় গিয়ে কেঁদে উঠে
পথবিহীন গহন
অন্ধকারে।
উৎসর্গ
ওগো তোমার আনো খেয়ার তরী,
তোমার সাথে যাব অকূল - ' পরি,
যাব সকল
বাঁধন - বাধা - খোলা।
ঝড়ের বেলা তোমার স্মিতহাসি
লাগবে আমার সর্বদেহে আসি,
তরাস - সাথে হরষ দিবে দোলা।
ওই যেখানে ঈশান কোণে
তড়িৎ হানে ক্ষণে ক্ষণে
বিজন উপকূলে
—
তটের পায়ে মাথা কুটে
তরঙ্গদল ফেনিয়ে উঠে
গিরির
পদমূলে,
ওই যেখানে মেঘের বেণী
জড়িয়ে আছে বনের শ্রেণী —
মর্মরিছে
নারিকেলের শাখা,
গরুড়সম ওই যেখানে
ঊর্ধ্বশিরে গগন - পানে
শৈলমালা
তুলেছে নীল পাখা,
কেন আজি আনে আমার মনে
ওইখানেতে মিলে তোমার সনে
বেঁধেছিলেম
বহুকালের ঘর —
হোথায় ঝড়ের নৃত্য - মাঝে
ঢেউয়ের সুরে আজো বাজে
যুগান্তরের
মিলনগীতিস্বর।
কে গো চিরজনম ভরে
নিয়েছ মোর হৃদয় হরে
উঠছে মনে
জেগে।
নিত্যকালের চেনাশোনা
করছে আজি আনাগোনা
নবীন - ঘন
মেঘে।
উৎসর্গ
কত প্রিয়মুখের ছায়া
কোন্ দেহে আজ নিল কায়া,
ছড়িয়ে দিল
সুখদুখের রাশি —
আজকে যেন দিশে দিশে
ঝড়ের সাথে যাচ্ছে মিশে
কত জন্মের
ভালোবাসাবাসি।
তোমায় আমায় যত দিনের মেলা
লোক - লোকান্তে যত কালের খেলা
এক মুহূর্তে
আজ করো সার্থক।
এই নিমেষে কেবল তুমি একা
জগৎ জুড়ে দাও আমারে দেখা,
জীবন জুড়ে
মিলন আজি হোক।
পাগল হয়ে বাতাস এল,
ছিন্ন মেঘে এলোমেলো
হচ্ছে বরিষন
,
জানি না দিগ্ দিগন্তরে
আকাশ ছেয়ে কিসের তরে
চলছে আয়োজন
।
পথিক গেছে ঘরে ফিরে,
পাখিরা সব গেছে নীড়ে,
তরণী সব
বাঁধা ঘাটের কোলে।
আজি পথের দুই কিনারে
জাগিছে গ্রাম রুদ্ধ দ্বারে,
দিবস আজি
নয়ন নাহি খোলে।
শান্ত হ রে, শান্ত হ রে প্রাণ —
ক্ষান্ত করিস প্রগল্ ভ এই গান,
ক্ষান্ত
করিস বুকের দোলাদুলি।
হঠাৎ যদি দুয়ার খুলে যায়,
হঠাৎ যদি হরষ লাগে গায়,
তখন চেয়ে
দেখিস আঁখি তুলি।"
অস্তমান রবি,কড়ি ও কোমল,কবিতা,"আজ কি, তপন, তুমি যাবে অস্তাচলে
না শুনে আমার মুখে একটিও গান!
দাঁড়াও গো, বিদায়ের দুটি কথা বলে
আজিকার দিন আমি করি অবসান।
থামো ওই সমুদ্রের প্রান্তরেখা -' পরে,
মুখে মোর রাখো তব একমাত্র আঁখি।
দিবসের শেষ পলে নিমেষের তরে
তুমি চেয়ে থাকো আর আমি চেয়ে থাকি।
দুজনের আঁখি -' পরে সায়াহ্ন - আঁধার
আঁখির পাতার মতো আসুক মুদিয়া,
গভীর তিমিরস্নিগ্ধ শান্তির পাথার
নিবায়ে ফেলুক আজি দুটি দীপ্ত হিয়া।
শেষ গান সাঙ্গ করে থেমে গেছে পাখি,
আমার এ গানখানি ছিল শুধু বাকি।"
১০১,গীতালি,কবিতা,"ভেঙেছে দুয়ার, এসেছ জ্যোতির্ময়
তোমারি হউক জয়।
তিমির - বিদার উদার অভ্যুদয়,
তোমারি হউক জয়।
হে বিজয়ী বীর, নবজীবনের প্রাতে
নবীন আশার খড়গ তোমার হাতে,
জীর্ণ আবেশ কাটো সুকঠোর ঘাতে—
বন্ধন হোক ক্ষয়।
তোমারি হউক জয়।
এসো দুঃসহ, এসো এসো নির্দয়,
তোমারি হউক জয়।
এসো নির্মল, এসো এসো নির্ভয়,
তোমারি হউক জয়।
প্রভাতসূর্য, এসেছ রুদ্রসাজে,
দুঃখের পথে তোমার তূর্য বাজে,
অরুণবহ্নি জ্বালাও চিত্ত - মাঝে—
মৃত্যুর হোক লয়।
তোমারি হউক জয়।"
সমাপন,প্রভাতসংগীত,কবিতা,"আজ আমি কথা কহিব না।
আর আমি গান গাহিব না।
হেরো আজি ভোরবেলা এসেছে রে মেলা লোক,
ঘিরে আছে চারি দিকে
চেয়ে আছে অনিমিখে,
হেরে মোর হাসিমুখ ভুলে গেছে দুখশোক।
আজ আমি গান গাহিব না।
সকাতরে গান গেয়ে পথপানে চেয়ে চেয়ে
এদের ডেকেছি দিবানিশি।
ভেবেছিনু মিছে আশা, বোঝে না আমার ভাষা,
বিলাপ মিলায় দিশি দিশি।
কাছে এরা আসিত না, কোলে বসে হাসিত না,
ধরিতে চকিতে হত লীন।
মরমে বাজিত ব্যথা--সাধিলে না কহে কথা--
সাধিতে শিখি নি এতদিন।
দিত দেখা মাঝে মাঝে, দূরে যেন বাঁশি বাজে,
আভাস শুনিনু যেন হায়।
মেঘে কভু পড়ে রেখা, ফুলে কভু দেয় দেখা,
প্রাণে কভু বহে চলে যায়।
আজ তারা এসেছে রে কাছে
এর চেয়ে শোভা কিবা আছে।
কেহ নাহি করে ডর, কেহ নাহি ভাবে পর,
সবাই আমাকে ভালোবাসে
আগ্রহে ঘিরিছে চারি পাশে।
এসেছিস তোরা যত জনা,
তোদের কাহিনী আজি শোনা।
যার যত কথা আছে খুলে বল্ মোর কাছে,
প্রভাতসংগীত
আজ আমি কথা কহিব না।
আয় তুই কাছে আয়, তোরে মোর প্রাণ চায়,
তোর কাছে শুধু বসে রই।
দেখি শুধু, কথা নাহি কই।
ললিত পরশে তোর পরানে লাগিছে ঘোর,
চোখে তোর বাজে বেণুবীণা--
তুই মোরে গান শুনাবি না?
জেগেছে নূতন প্রাণ, বেজেছে নূতন গান,
ওই দেখ পোহায়েছে রাতি।
আমারে বুকেতে নে রে, কাছে আয়--আমি যে রে
নিখিলের খেলাবার সাথী।
চারি দিকে সৌরভ, চারি দিকে গীতরব,
চারি দিকে সুখ আর হাসি,
চারি দিকে শিশুগুলি মুখে আধো আধো বুলি,
চারি দিকে স্নেহপ্রেমরাশি!
আমারে ঘিরেছে কারা, সুখেতে করেছে সারা,
জগতে হয়েছে হারা প্রাণের বাসনা।
আর আমি কথা কহিব না--
আর আমি গান গাহিব না।"
কলুষিত,বীথিকা,কবিতা,"শ্যামল প্রাণের উৎস হতে
অবারিত পুণ্যস্রোতে
ধৌত হয় এ বিশ্বধরণী
দিবসরজনী।
হে নগরী, আপনারে বঞ্চিত করেছ সেই স্নানে,
রচিয়াছ আবরণ কঠিন পাষাণে।
আছ নিত্য মলিন অশুচি,
তোমার ললাট হতে গেছে ঘুচি
প্রকৃতির স্বহস্তে লিখা
আশীর্বাদটিকা।
উষা দিব্যদীপ্তিহারা
তোমার দিগন্তে এসে। রজনীর তারা
তোমার আকাশদুষ্ট জাতিচ্যুত, নষ্ট মন্ত্র তার,
বিক্ষুব্ধ নিদ্রার
আলোড়নে ধ্যান তার অস্বচ্ছ আবিল,
হারালো সে মিল
পূজাগন্ধী নন্দনের পারিজাত - সাথে
শান্তিহীন রাতে।
হেথা সুন্দরের কোলে
স্বর্গের বীণার সুর ভ্রষ্ট হল বলে
উদ্ধত হয়েছে ঊর্ধ্বে বীভৎসের কোলাহল,
কৃত্রিমের কারাগারে বন্দীদল
গর্বভরে
শৃঙ্খলের পূজা করে।
দ্বেষ ঈর্ষা কুৎসার কলুষে
আলোহীন অন্তরের গুহাতলে হেথা রাগে পুষে
ইতরের অহংকার—
গোপন দংশন তার ;
অশ্লীল তাহার ক্লিন্ন ভাষা
বীথিকা
সৌজন্যসংযমনাশা।
দুর্গন্ধ
পঙ্কের দিয়ে দাগ
মুখোশের অন্তরালে করে শ্লাঘা ;
সুরঙ্গ খনন করে,
ব্যাপি দেয় নিন্দা ক্ষতি প্রতিবেশীদের ঘরে ঘরে ;
এই নিয়ে হাটে বাটে বাঁকা কটাক্ষের
ব্যঙ্গভঙ্গি, চতুর বাক্যের
কুটিল উল্লাস,
ক্রূর পরিহাস।
এর চেয়ে আরণ্যক তীব্র হিংসা সেও
শতগুণে শ্রেয়।
ছদ্মবেশ - অপগত
শক্তির সরল তেজে সমুদ্যত দাবাগ্নির মতো
প্রচণ্ড নির্ঘোষ ;
নির্মল তাহার রোষ,
তার নির্দয়তা
বীরত্বের মাহাত্ম্যে উন্নতা।
প্রাণশক্তি তার মাঝে
অক্ষুণ্ন বিরাজে।
স্বাস্থ্যহীন বীর্যহীন যে হীনতা ধ্বংসের বাহন
গর্তখোদা ক্রিমিগণ
তারি অনুচর,
অতি ক্ষুদ্র তাই তারা অতি ভয়ংকর ;
অগোচরে আনে মহামারী,
শনির কলির দত্ত সর্বনাশ তারি।
মন মোর কেঁদে আজ উঠে জাগি
প্রবল মৃত্যুর লাগি।
রুদ্র, জটাবন্ধ হতে করো মুক্ত বিরাট প্লাবন,
নীচতার ক্লেদপঙ্ক করো রক্ষা ভীষণ! পাবন!
বীথিকা
তাণ্ডবনৃত্যের ভরে
দুর্বলের যে গ্লানিরে চূর্ণ করো যুগে যুগান্তরে,
কাপুরুষ নির্জীবের সে নির্লজ্জ অপমানগুলি
বিলুপ্ত করিয়া দিক উৎক্ষিপ্ত তোমার পদধূলি।"
ঘুমচোরা,শিশু,কবিতা,"কে নিল খোকার ঘুম হরিয়া।
মা তখন জল নিতে
ও পাড়ার দিঘিটিতে
গিয়াছিল ঘট কাঁখে করিয়া।—
তখন রোদের বেলা
সবাই
ছেড়েছে খেলা,
ও পারে নীরব চখা-চখীরা;
শালিক থেমেছে ঝোপে,
শুধু
পায়রার খোপে
বকাবকি করে সখা-সখীরা;
তখন রাখাল ছেলে
পাঁচনি ধুলায়
ফেলে
ঘুমিয়ে পড়েছে বটতলাতে;
বাঁশ-বাগানের ছায়ে
এক-মনে এক পায়ে
খাড়া হয়ে আছে বক জলাতে।
সেই ফাঁকে ঘুমচোর
ঘরেতে পশিয়া মোর
ঘুম নিয়ে উড়ে গেল গগনে,
মা এসে অবাক রয়,
দেখে খোকা ঘর-ময়
হামাগুড়ি দিয়ে ফিরে সঘনে।
আমার খোকার ঘুম নিল কে।
যেথা পাই সেই চোরে
বাঁধিয়া
আনিব
ধরে,
সে লোক লুকাবে কোথা ত্রিলোকে।
যাব সে গুহার ছায়ে
কালো পাথরের গায়ে
কুলু কুলু বহে যেথা ঝরনা।
যাব সে বকুলবনে
নিরিবিলি
সে বিজনে
ঘুঘুরা করিছে ঘর-করনা।
যেখানে সে-বুড়া বট
নামায়ে দিয়েছে জট,
ঝিল্লি ডাকিছে দিনে দুপুরে,
যেখানে বনের কাছে
বনদেবতারা নাচে
চাঁদিনিতে রুনুঝুনু নূপুরে,
যাব আমি ভরা সাঁঝে
সেই বেণুবন -
মাঝে
আলো যেথা রোজ
জ্বালে জোনাকি—
শুধাব মিনতি করে,
‘আমাদের ঘুমচোরে
তোমাদের আছে জানাশোনা কি।’
শিশু
কে নিল খোকার ঘুম চুরায়ে।
কোনোমতে দেখা তার
পাই যদি একবার
লই তবে সাধ মোর
পুরায়ে।
দেখি তার বাসা খুঁজি
কোথা ঘুম করে
পুঁজি,
চোরা ধন রাখে কোন্ আড়ালে।
সব লুঠি লব তার,
ভাবিতে হবে না আর
খোকার চোখের ঘুম হারালে
ডানা দুটি বেঁধে তারে
নিয়ে যাব নদীপারে
সেখানে সে ব’সে এক কোণেতে
জলে শরকাঠি ফেলে
মিছে মাছ-ধরা খেলে
দিন কাটাইবে কাশবনেতে।
যখন সাঁঝের বেলা
ভাঙিবে হাটের
মেলা
ছেলেরা মায়ের কোল ভরিবে,
সারা রাত টিটি-পাখি
টিটকারি দিবে ডাকি—
‘ঘুমচোরা কার ঘুম হরিবে।’"
বাকি,কড়ি ও কোমল,কবিতা,"কুসুমের গিয়েছে সৌরভ,
জীবনের গিয়েছে গৌরব।
এখন যা-কিছু সব ফাঁকি,
ঝরিতে মরিতে শুধু বাকি।"
সানাই,সানাই,কবিতা,"সারারাত ধ ' রে
গোছা গোছা কলাপাতা আসে
গাড়ি ভ ' রে।
আসে সরা খুরি
ভূরি ভূরি।
এপাড়া ওপাড়া হতে যত
রবাহূত অনাহূত আসে শত শত ;
প্রবেশ পাবার তরে
ভোজনের ঘরে
ঊর্ধ্বশ্বাসে ঠেলাঠেলি করে ;
ব ' সে পড়ে যে পারে যেখানে,
নিষেধ না মানে।
কে কাহারে হাঁক ছাড়ে হৈ হৈ,
এ কই, ও কই।
রঙিন উষ্ণীষধর
লালরঙা সাজে যত অনুচর
অনর্থক ব্যস্ততায় ফেরে সবে
আপনার দায়িত্বগৌরবে।
গোরুর গাড়ির সারি হাটের রাস্তায়,
রাশি রাশি ধুলো উড়ে যায়,
রাঙা রাগে
রৌদ্রে গেরুয়া রঙ লাগে।
ওদিকে ধানের কল দিগন্তে কালিমাধূম্র হাত
ঊর্ধ্বে তুলি,
কলঙ্কিত করিছে প্রভাত।
ধান-পচানির গন্ধে
বাতাসের রন্ধ্রে রন্ধ্রে
মিশাইছে বিষ।
থেকে থেকে রেলগাড়ি মাঠের ওপারে দেয় শিস।
দুই প্রহরের ঘণ্টা বাজে।
সমস্ত এ ছন্দভাঙা অসংগতি-মাঝে
সানাই লাগায় তার
সারঙের তান।
কী নিবিড় ঐক্যমন্ত্র করিছে সে দান
কোন্ উদ্ভ্রান্তের
কাছে,
বুঝিবার সময় কি আছে।
অরূপের মর্ম হতে
সমুচ্ছ্বাসি
উৎসবের মধুচ্ছন্দ বিস্তারিছে বাঁশি।
সন্ধ্যাতারা-জ্বালা অন্ধকারে
অনন্তের বিরাট পরশ যথা
অন্তর-মাঝারে,
তেমনি সুদূর স্বচ্ছ সুর
গভীর মধুর
অমর্ত লোকের কোন্
বাক্যের অতীত সত্যবাণী
অন্যমনা ধরণীর কানে দেয় আনি।
নামিতে নামিতে এই
আনন্দের ধারা
বেদনার
মূর্ছনায় হয় আত্মহারা।
বসন্তের যে দীর্ঘনিশ্বাস
বিকচ বকুলে আনে বিদায়ের বিমর্ষ আভাস,
সংশয়ের আবেগ কাঁপায়
সদ্যঃপাতী শিথিল
চাঁপায়,
তারি স্পর্শ লেগে
সাহানার রাগিণীতে বৈরাগিণী ওঠে যেন জেগে,
চলে যায় পথহারা
অর্থহারা দিগন্তের পানে।
কতবার মনে ভাবি, কী যে সে কে জানে।
মনে হয়, বিশ্বের যে মূল উৎস হতে
সৃষ্টির নির্ঝর ঝরে শূন্যে শূন্যে কোটি কোটি স্রোতে
এ রাগিণী সেথা হতে আপন
ছন্দের পিছু পিছু
নিয়ে আসে বস্তুর অতীত কিছু
হেন ইন্দ্রজাল
যার সুর যার তাল
রূপে রূপে পূর্ণ হয়ে উঠে
কালের অঞ্জলিপুটে।
প্রথম যুগের সেই ধ্বনি
শিরায় শিরায় উঠে রণরণি ;
মনে ভাবি, এই সুর
প্রত্যহের অবরোধ- ' পরে
যতবার গভীর আঘাত করে
ততবার ধীরে ধীরে কিছু কিছু খুলে দিয়ে যায়
ভাবী যুগ-আরম্ভের অজানা পর্যায়।
নিকটের দুঃখদ্বন্দ্ব নিকটের অপূর্ণতা তাই
সব ভুলে যাই,
মন যেন ফিরে
সেই অলক্ষ্যের তীরে তীরে
যেথাকার রাত্রিদিন
দিনহারা রাতে
পদ্মের কোরক-সম প্রচ্ছন্ন রয়েছে আপনাতে।"
৭৬,গীতালি,কবিতা,"ঘরের থেকে এনেছিলেম
প্রদীপ জ্বেলে—
ডেকেছিলেম, ‘ আয় রে তোরা
পথের ছেলে। '
বলেছিলেম,
‘ সন্ধ্যা হল,
তোমরা পূজার
কুসুম তোলো,
আমার প্রদীপ
দেবে পথে
কিরণ মেলে। '
পথের আঁধার পথে রেখে
এলেম ফিরে,
প্রদীপ হাতে পথ দেখানো
ছেড়েছি রে।
এবার বলি,
‘ ওগো আলো,
আমায় তুমি
আপনি জ্বালো,
ভাঙা প্রদীপ
পথের ধুলায়
দিলেম ফেলে। '"
৯৪,খাপছাড়া,কবিতা,"বিড়ালে মাছেতে হল সখ্য।
বিড়াল কহিল, ‘ ভাই ভক্ষ্য,
বিধাতা স্বয়ং জেনো সর্বদা কন তোরে —
ঢোকো গিয়ে বন্ধুর রসময় অন্তরে,
সেখানে নিজেরে তুমি সযতনে রক্ষ।
ওই দেখো পুকুরের ধারে আছে ঢালু ডাঙা,
ওইখানে শয়তান বসে থাকে মাছরাঙা,
কেন মিছে হবে ওর চঞ্চুর লক্ষ্য!'"
৬৫,গীতালি,কবিতা,"মেঘ বলেছে ‘যাব যাব ',
রাত বলেছে ‘যাই '।
সাগর বলে, ‘ কূল মিলেছে,
আমি তো আর নাই। '
দু : খ বলে, ‘ রইনু চুপে
তাঁহার পায়ের চিহ্নরূপে। '
আমি বলে, ‘ মিলাই আমি,
আর কিছু না চাই। '
ভুবন বলে, ‘ তোমার তরে
আছে বরণমালা। '
গগন বলে, ‘ তোমার তরে
লক্ষ প্রদীপ জ্বালা। '
প্রেম বলে যে, ‘ যুগে যুগে
তোমার লাগি আছি জেগে। '
মরণ বলে, ‘ আমি তোমার
জীবন - তরী বাই। '"
ক্ষণিক মিলন,মানসী,কবিতা,"একদা এলোচুলে কোন্
ভুলে ভুলিয়া
আসিল সে আমার ভাঙা দ্বার খুলিয়া।
জ্যোৎস্না অনিমিখ, চারি
দিক সুবিজন,
চাহিল একবার আঁখি
তার তুলিয়া।
দখিনবায়ুভরে
থরথরে কাঁপে বন,
উঠিল প্রাণ মম তারি
সম দুলিয়া।
আবার ধীরে ধীরে গেল
ফিরে আলসে,
আমার সব হিয়া
মাড়াইয়া গেল সে।
আমার যাহা ছিল সব
নিল আপনায়,
হরিল আমাদের
আকাশের আলো সে।
সহসা এ জগৎ
ছায়াবৎ হয়ে যায়,
তাহারি চরণের
শরণের লালসে।
যে জন চলিয়াছে তারি
পাছে সবে ধায়,
নিখিলে যত প্রাণ যত
গান ঘিরে তায়।
সকল রূপহার
উপহার চরণে,
ধায় গো উদাসিয়া যত
হিয়া পায় পায়।
যে জন পড়ে থাকে একা
ডাকে মরণে,
সুদূর হতে হাসি আর
বাঁশি শোনা যায়।
শবদ নাহি আর, চারি
ধার প্রাণহীন,
কেবল ধুক্ ধুক্ করে বুক নিশিদিন।
যেন গো ধ্বনি এই তারি
সেই চরণের,
কেবলি বাজে শুনি, তাই
গুনি দুই তিন।
কুড়ায়ে সব-শেষ
অবশেষ স্মরণের
বসিয়া একজন
আনমন উদাসীন।"
পূজার সাজ,শিশু,কবিতা,"আশ্বিনের মাঝামাঝি
উঠিল বাজনা বাজি,
পূজার সময় এল কাছে।
মধু বিধু দুই ভাই
ছুটাছুটি করে তাই,
আনন্দে দু-হাত তুলি নাচে।
পিতা বসি ছিল দ্বারে,
দুজনে শুধালো তারে,
‘কী পোশাক আনিয়াছ কিনে। '
পিতা কহে, ‘আছে আছে
তোদের মায়ের কাছে,
দেখিতে পাইবি ঠিক দিনে। '
সবুর সহে না আর—
জননীরে বার বার
কহে, ‘মা গো, ধরি তোর পায়ে,
বাবা আমাদের তরে
কী কিনে
এনেছে ঘরে
একবার দে না মা, দেখায়ে। '
ব্যস্ত দেখি হাসিয়া মা
দুখানি
ছিটের জামা
দেখাইল করিয়া আদর।
মধু কহে, ‘আর নেই?'
মা কহিল, ‘আছে এই
একজোড়া ধুতি ও চাদর। '
রাগিয়া আগুন ছেলে,
কাপড় ধুলায় ফেলে
কাঁদিয়া কহিল, ‘চাহি না মা,
রায়বাবুদের গুপি
পেয়েছে জরির টুপি,
ফুলকাটা সাটিনের জামা। '
মা কহিল, ‘মধু, ছি ছি,
কেন কাঁদ মিছামিছি,
গরিব যে তোমাদের বাপ।
এবার হয় নি ধান,
কত গেছে
লোকসান,
পেয়েছেন কত দুঃখতাপ।
শিশু
তবু দেখো বহু ক্লেশে
তোমাদের ভালোবেসে
সাধ্যমত এনেছেন কিনে।
সে জিনিস অনাদরে
ফেলিলি
ধূলির ‘পরে—
এই শিক্ষা হল এতদিনে। '
বিধু বলে, ‘এ কাপড়
পছন্দ হয়েছে মোর,
এই জামা পরাস আমারে। '
মধু শুনে আরো রেগে
ঘর ছেড়ে দ্রুতবেগে
গেল রায়বাবুদের দ্বারে।
সেথা মেলা লোক জড়ো,
রায়বাবু ব্যস্ত বড়ো;
দালান সাজাতে গেছে রাত।
মধু যবে এক কোণে
দাঁড়াইল
ম্লান মনে
চোখে তাঁর পড়িল হঠাৎ।
কাছে ডাকি স্নেহভরে
কহেন করুণ স্বরে
তারে দুই বাহুতে বাঁধিয়া,
‘কী রে মধু, হয়েছে কী।
তোরে যে শুক্ নো দেখি। '
শুনি মধু উঠিল কাঁদিয়া,
কহিল, ‘আমার তরে
বাবা আনিয়াছে ঘরে
শুধু এক ছিটের কাপড়। '
শুনি রায়মহাশয়
হাসিয়া মধুরে কয়,
‘সেজন্য ভাবনা কিবা তোর। '
ছেলেরে ডাকিয়া চুপি
কহিলেন, ‘ওরে
গুপি,
তোর জামা দে তুই মধুকে। '
গুপির সে জামা পেয়ে
মধু ঘরে যায় ধেয়ে
হাসি আর নাহি ধরে মুখে।
বুক ফুলাইয়া চলে—
সবারে ডাকিয়া বলে,
‘দেখো কাকা! দেখো চেয়ে মামা!
শিশু
ওই আমাদের বিধু
ছিট পরিয়াছে শুধু,
মোর গায়ে সাটিনের জামা। '
মা শুনি কহেন আসি
লাজে
অশ্রুজলে ভাসি
কপালে করিয়া করাঘাত,
‘হই দুঃখী হই দীন
কাহারো রাখি না ঋণ,
কারো কাছে পাতি নাই হাত।
তুমি আমাদেরই ছেলে
ভিক্ষা লয়ে অবহেলে
অহংকার কর ধেয়ে ধেয়ে!
ছেঁড়া ধুতি আপনার
ঢের বেশি
দাম তার
ভিক্ষা-করা সাটিনের চেয়ে।
আয় বিধু, আয় বুকে,
চুমো খাই চাঁদমুখে,
তোর সাজ সব চেয়ে ভালো।
দরিদ্র ছেলের দেহে
দরিদ্র বাপের স্নেহে
ছিটের জামাটি করে আলো। '"
কেন,কড়ি ও কোমল,কবিতা,"কেন গো এমন স্বরে বাজে তব বাঁশি,
মধুর সুন্দর রূপে কেঁদে ওঠে হিয়া,
রাঙা অধরের কোণে হেরি মধুহাসি
পুলকে যৌবন কেন উঠে বিকশিয়া!
কেন তনু বাহুডোরে ধরা দিতে চায়,
ধায় প্রাণ দুটি কালো আঁখির উদ্দেশে,
হায় যদি এত লজ্জা কথায় কথায়,
হায় যদি এত শ্রান্তি নিমেষে নিমেষে!
কেন কাছে ডাকে যদি মাঝে অন্তরাল,
কেন রে কাঁদায় প্রাণ সবই যদি ছায়া,
আজ হাতে তুলে নিয়ে ফেলে দিবে কাল —
এরি তরে এত তৃষ্ণা, এ কাহার মায়া!
মানবহৃদয় নিয়ে এত অবহেলা,
খেলা যদি, কেন হেন মর্মভেদী খেলা!"
৯৩,গীতালি,কবিতা,"যা দেবে তা দেবে তুমি আপন হাতে
এই তো তোমার কথা ছিল আমার সাথে।
তাই তো আমার অশ্রুজলে
তোমার হাসির মুক্তা ফলে,
তোমার বীণা বাজে আমার বেদনাতে।
যা - কিছু দাও, দাও যে তুমি আপন হাতে।
পরের কথায় চলতে পথে ভয় করি যে।
জানি আমার নিজের মাঝে আছ নিজে।
ভুল আমারে বারে বারে
ভুলিয়ে আনে তোমার দ্বারে,
আপন - মনে চলি গো তাই দিনে রাতে।
যা - কিছু দাও, দাও যে তুমি আপন হাতে।"
২৪,খাপছাড়া,কবিতা,"বর এসেছে বীরের ছাঁদে,
বিয়ের লগ্ন আট ্ টা।
পিতল-আঁটা লাঠি কাঁধে,
গালেতে গালপাট্টা।
শ্যালীর সঙ্গে ক্রমে ক্রমে
আলাপ যখন উঠল জমে,
রায়বেঁশে নাচ নাচের ঝোঁকে
মাথায় মারলে গাঁট্টা।
শ্বশুর কাঁদে মেয়ের শোকে,
বর হেসে কয় —'ঠাট্টা'।"
৩০,রোগশয্যায়,কবিতা,"সৃষ্টির চলেছে খেলা
চারি দিক হতে শত ধারে
কালের অসীম শূন্য পূর্ণ করিবারে।
সম্মুখে যা কিছু ঢালে পিছনে তলায় বারে বারে ;
নিরন্তর লাভ আর ক্ষতি,
তাহাতেই দেয় তারে গতি।
কবির ছন্দের খেলা সেও থাকি থাকি
নিশ্চিহ্ন কালের গায়ে ছবি আঁকা-আঁকি।
কাল যায়, শূন্য থাকে বাকি।
এই আঁকা-মোছা নিয়ে কাব্যের সচল মরীচিকা
ছেড়ে দেয় স্থান,
পরিবর্তমান
জীবনযাত্রার করে চলমান টীকা।
মানুষ আপন-আঁকা কালের সীমায়
সান্ত্বনা রচনা করে অসীমের মিথ্যা মহিমায়,
ভুলে যায় কত-না যুগের বাণীরূপ
ভূমিগর্ভে বহিতেছে নিঃশব্দের নিষ্ঠুর বিদ্রূপ।"
নববর্ষে,চিত্রা,কবিতা,"নিশি অবসানপ্রায়, ওই পুরাতন
বর্ষ হয় গত!
আমি আজি ধূলিতলে এ জীর্ণ জীবন
করিলাম নত।
বন্ধু হও, শত্রু হও,
যেখানে যে কেহ রও,
ক্ষমা করো আজিকার মতো
পুরাতন বরষের সাথে
পুরাতন অপরাধ যত।
আজি বাঁধিতেছি বসি সংকল্প নূতন
অন্তরে আমার,
সংসারে ফিরিয়া গিয়া হয়তো কখন
ভুলিব আবার।
তখন কঠিন ঘাতে
এনো অশ্রু আঁখিপাতে
অধমের করিয়ো বিচার।
আজি নব-বরষ-প্রভাতে
ভিক্ষা চাহি মার্জনা সবার।
আজ চলে গেলে কাল কী হবে না-হবে
নাহি জানে কেহ,
আজিকার প্রীতিসুখ রবে কি না-রবে
আজিকার স্নেহ।
যতটুকু আলো আছে
কাল নিবে যায় পাছে,
অন্ধকারে ঢেকে যায় গেহ —
আজ এসো নববর্ষদিনে
যতটুকু আছে তাই দেহো।
চিত্রা
বিস্তীর্ণ
এ বিশ্বভূমি সীমা তার নাই,
কত দেশ আছে!
কোথা হতে কয় জনা হেথা এক ঠাঁই
কেন মিলিয়াছে?
করো সুখী, থাকো সুখে
প্রীতিভরে হাসিমুখে
পুষ্পগুচ্ছ যেন এক গাছে —
তা যদি না পার চিরদিন,
একদিন এসো তবু কাছে।
সময় ফুরায়ে গেলে কখন আবার
কে যাবে কোথায়,
অনন্তের মাঝখানে পরস্পরে আর
দেখা নাহি যায়।
বড়ো সুখ বড়ো ব্যথা
চিহ্ন না রাখিবে কোথা,
মিলাইবে জলবিম্ব
প্রায় —
একদিন প্রিয়মুখ যত
ভালো করে দেখে লই
আয়!
আপন সুখের লাগি সংসারের মাঝে
তুলি হাহাকার!
আত্ম-অভিমানে অন্ধ জীবনের কাজে
আনি অবিচার!
আজি করি প্রাণপণ
করিলাম সমর্পণ
এ জীবনে যা আছে আমার।
তোমরা যা দিবে তাই লব,
তার বেশি চাহিব না আর।
লইব আপন করি নিত্যধৈর্যতরে
দুঃখভার যত,
চিত্রা
চলিব কঠিন পথে অটল অন্তরে
সাধি মহাব্রত।
যদি ভেঙে যায় পণ,
দুর্বল এ শ্রান্ত মন
সবিনয়ে করি শির নত
তুলি লব আপনার ‘ পরে
আপনার অপরাধ যত!
যদি ব্যর্থ হয় প্রাণ, যদি দুঃখ ঘটে —
ক ' দিনের কথা!
একদা মুছিয়া যাবে সংসারের পটে
শূন্য নিষ্ফলতা।
জগতে কি তুমি একা?
চতুর্দিকে যায় দেখা
সুদুর্ভর কত
দুঃখব্যথা।
তুমি শুধু ক্ষুদ্র
একজন,
এ সংসারে অনন্ত
জনতা।
যতক্ষণ আছ হেথা স্থিরদীপ্তি থাকো,
তারার মতন।
সুখ যদি নাহি পাও, শান্তি মনে রাখো
করিয়া যতন।
যুদ্ধ করি নিরবধি
বাঁচিতে না পার যদি,
পরাভব
করে আক্রমণ,
কেমনে মরিতে হয়
তবে
শেখো
তাই করি প্রাণপণ।
জীবনের এই পথ, কে বলিতে পারে
বাকি আছে কত?
মাঝে কত বিঘ্নশোক, কত ক্ষুরধারে
হৃদয়ের ক্ষত?
চিত্রা
পুনর্বার কালি হতে
চলিব সে তপ্ত পথে,
ক্ষমা
করো আজিকার মতো —
পুরাতন
বরষের সাথে
পুরাতন অপরাধ যত
।
ওই যায়, চলে যায় কালপরপারে
মোর পুরাতন।
এই বেলা, ওরে মন, বল্ অশ্রুধারে
কৃতজ্ঞ বচন।
বল্ তারে — দুঃখসুখ
দিয়েছ
ভরিয়া বুক,
চিরকাল রহিবে স্মরণ,
যাহা-কিছু লয়ে গেলে সাথে
তোমারে করিনু সমর্পণ।
ওই এল এ জীবনে নূতন প্রভাতে
নূতন
বরষ —
মনে করি প্রীতিভরে বাঁধি হাতে হাতে,
না
পাই সাহস।
নব অতিথিরে তবু
ফিরাইতে নাই কভু —
এসো এসো নূতন
দিবস!
ভরিলাম
পুণ্য অশ্রুজলে
আজিকার মঙ্গলকলস।"
তেরো,শেষ সপ্তক,কবিতা,"রাস্তায় চলতে চলতে
বাউল
এসে থামল
তোমার সদর দরজায়।
গাইল, ‘ অচিন পাখি উড়ে আসে খাঁচায়।'
দেখে
অবুঝ মন বলে—
অধরাকে ধরেছি।
তুমি তখন স্নানের পরে এলোচুলে
দাঁড়িয়েছিলে জানলায়।
অধরা ছিল তোমার দূরে-চাওয়া চোখের
পল্লবে,
অধরা ছিল তোমার কাঁকন-পরা নিটোল হাতের
মধুরিমায়।
ওকে ভিক্ষে দিলে পাঠিয়ে,
ও গেল চলে ;
জানলে না এইগানে তোমারই কথা।
তুমি রাগিণীর মতো আস যাও
একতারার তারে তারে।
সেই যন্ত্র তোমার রূপের খাঁচা,
দোলে বসন্তের বাতাসে।
তাকে বেড়াই বুকে ক ' রে ;
ওতে রঙ লাগাই, ফুল কাটি
আপন
মনের সঙ্গে মিলিয়ে।
যখন বেজে ওঠে, ওর রূপ যাই ভুলে,
কাঁপতে
কাঁপতে ওর তার হয় অদৃশ্য।
অচিন তখন বেরিয়ে আসে
বিশ্বভুবনে,
খেলিয়ে যায় বনের সবুজে
মিলিয়ে যায় দোলনচাঁপার গন্ধে।
শেষ সপ্তক
অচিন পাখি তুমি,
মিলনের
খাঁচায় থাক—
নানা সাজের খাঁচা।
সেখানে বিরহ নিত্য থাকে পাখির
পাখায়,
স্থকিত ওড়ার মধ্যে।
তার ঠিকানা নেই,
তার অভিসার দিগন্তের পারে
সকল দৃশ্যের বিলীনতায়।"
ঐশ্বর্য,চৈতালি,কবিতা,"ক্ষুদ্র এই তৃণদল ব্রহ্মান্ডের মাঝে
সরল মাহাত্ম্য লয়ে সহজে বিরাজে।
পূরবের নবসূর্য, নিশীথের শশী,
তৃণটি তাদেরি সাথে একাসনে বসি।
আমার এ গান এও জগতের গানে
মিশে যায় নিখিলের মর্মমাঝখানে;
শ্রাবণের ধারাপাত, বনের মর্মর
সকলের মাঝে তার আপনার ঘর।
কিন্তু, হে বিলাসী, তব ঐশ্বর্যের ভার
ক্ষুদ্র রুদ্ধদ্বারে শুধু একাকী তোমার।
নাহি পড়ে সূর্যালোক, নাহি চাহে চাঁদ,
নাহি তাহে নিখিলের নিত্য আশীর্বাদ।
সম্মুখে দাঁড়ালে মৃত্যু মুহূর্তেই হায়
পাংশুপান্ডু শীর্ণম্লান মিথ্যা হয়ে যায়।"
অনন্ত প্রেম,মানসী,কবিতা,"তোমারেই যেন ভালোবাসিয়াছি
শত রূপে শত বার
জনমে জনমে, যুগে যুগে অনিবার।
চিরকাল ধরে মুগ্ধ হৃদয়
গাঁথিয়াছে গীতহার,
কত রূপ ধরে পরেছ গলায়,
নিয়েছ সে উপহার
জনমে জনমে, যুগে যুগে অনিবার।
যত শুনি সেই অতীত কাহিনী,
প্রাচীন প্রেমের ব্যথা,
অতি পুরাতন বিরহমিলনকথা,
অসীম অতীতে চাহিতে চাহিতে
দেখা দেয় অবশেষে
কালের তিমিররজনী ভেদিয়া
তোমারি মুরতি এসে,
চিরস্মৃতিময়ী ধ্রুবতারকার বেশে।
আমরা দুজনে ভাসিয়া এসেছি
যুগল প্রেমের স্রোতে
অনাদিকালের হৃদয়-উৎস হতে।
আমরা দুজনে করিয়াছি খেলা
কোটি প্রেমিকের মাঝে
বিরহবিধুর নয়নসলিলে,
মিলনমধুর লাজে—
পুরাতন প্রেম নিত্যনূতন সাজে।
আজি সেই চিরদিবসের প্রেম
অবসান লভিয়াছে
রাশি রাশি হয়ে তোমার পায়ের কাছে।
মানসী
নিখিলের সুখ, নিখিলের দুখ,
নিখিল প্রাণের প্রীতি,
একটি প্রেমের মাঝারে মিশেছে
সকল প্রেমের স্মৃতি—
সকল কালের সকল কবির গীতি।"
জন্মদিনের গান,কল্পনা,কবিতা,"বেহাগ। চৌতাল
ভয় হতে তব অভয়মাঝারে
নূতন জনম দাও হে!
দীনতা হইতে অক্ষয় ধনে,
সংশয় হতে সত্যসদনে,
জড়তা হইতে নবীন জীবনে
নূতন জনম দাও হে!
আমার ইচ্ছা হইতে হে প্রভু,
তোমার ইচ্ছা-মাঝে,
আমার স্বার্থ হইতে হে প্রভু,
তব মঙ্গল কাজে—
অনেক হইতে একের ডোরে,
সুখদুখ হতে শান্তিক্রোড়ে,
আমা হতে নাথ, তোমাতে মোরে
নূতন জনম দাও হে!"
বিদায়,ক্ষণিকা,কবিতা,"তোমরা নিশি যাপন করো,
এখনো রাত রয়েছে ভাই,
আমায় কিন্তু বিদায় দেহো—
ঘুমোতে যাই, ঘুমোতে যাই।
মাথার দিব্য, উঠো না কেউ
আগ বাড়িয়ে দিতে আমায়—
চলছে যেমন চলুক তেমন,
হঠাৎ যেন গান না থামায়।
আমার যন্ত্রে একটি তন্ত্রী
একটু যেন বিকল বাজে,
মনের মধ্যে শুনছি যেটা
হাতে সেটা আসছে না যে।
একেবারে থামার আগে
সময় রেখে থামতে যে চাই—
আজকে কিছু শ্রান্ত আছি,
ঘুমোতে যাই, ঘুমোতে যাই।
আঁধার - আলোয় সাদায় - কালোয়
দিনটা ভালোই গেছে কাটি,
তাহার জন্যে কারো সঙ্গে
নাইকো কোনো ঝগড়াঝাঁটি।
মাঝে মাঝে ভেবেছিলুম
একটু - আধটু এটা - ওটা
বদল যদি পারত হতে
থাকত নাকো কোনো খোঁটা।
বদল হলে কখন মনটা
হয়ে পড়ত ব্যতিব্যস্ত,
এখন যেমন আছে আমার
সেইটে আবার চেয়ে বসত।
ক্ষণিকা
তাই ভেবেছি দিনটা আমার
ভালোই গেছে, কিছু না চাই—
আজকে শুধু শ্রান্ত আছি,
ঘুমোতে যাই, ঘুমোতে যাই।"
৪০,গীতিমাল্য,কবিতা,"জানি গো দিন যাবে।
এ দিন যাবে।
একদা কোন্ বেলাশেষে
মলিন রবি করুণ হেসে
শেষ বিদায়ের চাওয়া আমার
মুখের
পানে চাবে।
পথের ধারে বাজবে বেণু,
নদীর কূলে চরবে ধেনু,
আঙিনাতে খেলবে শিশু,
পাখিরা গান গাবে।
তবুও দিন যাবে এ দিন যাবে।
তোমার কাছে আমার
এ মিনতি।
যাবার আগে জানি যেন
আমায় ডেকেছিল কেন
আকাশপানে নয়ন তুলে
শ্যামল বসুমতী?
কেন নিশার নীরবতা
শুনিয়েছিল তারার কথা,
পরানে ঢেউ তুলেছিল
কেন দিনের জ্যোতি?
তোমার কাছে আমার এই মিনতি।
সাঙ্গ যবে
হবে
ধরার পালা
যেন আমার গানের শেষে
থামতে পারি সমে এসে,
ছয়টি ঋতুর ফুলে ফুলে
ভরতে পারি ডালা।
গীতিমাল্য
এই জীবনের আলোকেতে
পারি তোমায় দেখে যেতে,
পরিয়ে যেতে পারি তোমায়
আমার গলার মালা
সাঙ্গ যবে হবে ধরার পালা।"
জাগরণ,বীথিকা,কবিতা,"দেহে মনে সুপ্তি যবে করে ভর
সহসা চৈতন্যলোকে আনে কল্পান্তর,
জাগ্রত জগৎ চলে যায়
মিথ্যার কোঠায়।
তখন নিদ্রার শূন্য ভরি
স্বপ্নসৃষ্টি শুরু হয়, ধ্রুব সত্য তারে
মনে করি।
সেও ভেঙে যায় যবে
পুনর্বার জেগে উঠি অন্য এক ভবে ;
তখনি তাহারে সত্য বলি,
নিশ্চিত স্বপ্নের রূপ অনিশ্চিতে কোথা যায়
চলি।
তাই ভাবি মনে,
যদি এ জীবন মোর গাঁথা থাকে মায়ার স্বপনে,
মৃত্যুর আঘাতে জেগে উঠে
আজিকার এ জগৎ অকস্মাৎ যায় টুটে,
সব - কিছু অন্য - এক অর্থে দেখি —
চিত্ত মোর চমকিয়া সত্য বলি তারে জানিবে কি
?
সহসা কি উদিবে স্মরণে
ইহাই জাগ্রত সত্য অন্যকালে ছিল তার মনে?"
আমি,শ্যামলী,কবিতা,"আমারই চেতনার রঙে পান্না হল সবুজ,
চুনি উঠল রাঙা হয়ে।
আমি চোখ মেললুম আকাশে,
জ্বলে উঠল আলো
পুবে পশ্চিমে।
গোলাপের দিকে চেয়ে বললুম ‘সুন্দর',
সুন্দর হল সে।
তুমি বলবে, এ যে তত্ত্বকথা,
এ কবির বাণী নয়।
আমি বলব, এ সত্য,
তাই এ কাব্য।
এ আমার অহংকার,
অহংকার সমস্ত মানুষের হয়ে।
মানুষের অহংকার - পটেই
বিশ্বকর্মার বিশ্বশিল্প।
তত্ত্বজ্ঞানী জপ করছেন নিশ্বাসে প্রশ্বাসে,
না, না, না—
না - পান্না, না - চুনি, না - আলো, না - গোলাপ,
না - আমি, না - তুমি।
ও দিকে, অসীম যিনি তিনি স্বয়ং করেছেন সাধনা
মানুষের সীমানায়,
তাকেই বলে ‘আমি'।
সেই আমির গহনে আলো - আঁধারের ঘটল সংগম,
দেখা দিল রূপ, জেগে উঠল রস।
‘ না' কখন ফুটে উঠে হল ‘হাঁ' মায়ার মন্ত্রে,
রেখায় রঙে সুখে দুঃখে।
একে বোলো না তত্ত্ব ;
আমার মন হয়েছে পুলকিত
বিশ্ব - আমির রচনার আসরে
শ্যামলী
হাতে নিয়ে তুলি,
পাত্রে নিয়ে রঙ।
পণ্ডিত বলছেন—
বুড়ো চন্দ্রটা, নিষ্ঠুর চতুর হাসি তার,
মৃত্যুদূতের মতো গুঁড়ি মেরে আসছে সে
পৃথিবীর পাঁজরের কাছে।
একদিন দেবে চরম টান তার সাগরে পর্বতে ;
মর্তলোকে মহাকালের নূতন খাতায়
পাতা জুড়ে নামবে একটা শূন্য,
গিলে ফেলবে দিনরাতের জমাখরচ ;
মানুষের কীর্তি হারাবে অমরতার ভান,
তার ইতিহাসে লেপে দেবে
অনন্ত রাত্রির কালি।
মানুষের যাবার দিনের চোখ
বিশ্ব থেকে নিকিয়ে নেবে রঙ,
মানুষের যাবার দিনের মন
ছানিয়ে নেবে রস!
শক্তির কম্পন চলবে আকাশে আকাশে,
জ্বলবে না কোথাও আলো।
বীণাহীন সভায় যন্ত্রীর আঙুল নাচবে,
বাজবে না সুর।
সেদিন কবিত্বহীন বিধাতা একা রবেন বসে
নীলিমাহীন আকাশে
ব্যক্তিত্বহারা অস্তিত্বের গণিততত্ত্ব নিয়ে।
তখন বিরাট বিশ্বভুবনে
দূরে দূরান্তে অনন্ত অসংখ্য লোকে লোকান্তরে
এ বাণী ধ্বনিত হবে না কোনোখানেই -—
‘ তুমি সুন্দর',
‘ আমি ভালোবাসি'।
বিধাতা কি আবার বসবেন সাধনা করতে
শ্যামলী
যুগযুগান্তর ধ'রে।
প্রলয়সন্ধ্যায় জপ করবেন—
‘ কথা কও, কথা কও',
বলবেন ‘বলো, তুমি সুন্দর',
বলবেন ‘বলো, আমি ভালোবাসি'?"
২৮,আরোগ্য,কবিতা,"মিলের চুমকি গাঁথি ছন্দের পাড়ের মাঝে মাঝে
অকেজো অলস বেলা ভরে ওঠে শেলাইয়ের কাজে।
অর্থভরা কিছুই-না চোখে ক ' রে ওঠে ঝিল্ মিল্
ছড়াটার ফাঁকে ফাঁকে মিল।
গাছে গাছে জোনাকির দল
করে ঝলমল ;
সে নহে দীপের শিখা, রাত্রি খেলা করে আঁধারেতে
টুকরো আলোক গেঁথে গেঁথে।
মেঠো গাছে ছোটো ছোটো ফুলগুলি জাগে ;
বাগান হয় না তাহে, রঙের ফুটকি ঘাসে লাগে।
মনে থাকে, কাজে লাগে, সৃষ্টিতে সে আছে শত শত ;
মনে থাকবার নয়, সেও ছড়াছড়ি যায় কত।
ঝরনায় জল ঝ ' রে উর্বরা করিতে চলে মাটি ;
ফেনাগুলো ফুটে ওঠে, পরক্ষণে যায় ফাটি ফাটি।
কাজের সঙ্গেই খেলা গাঁথা —
ভার তাহে লঘু রয়, খুশি হন সৃষ্টির বিধাতা।"
পরিত্যক্ত,সন্ধ্যাসংগীত,কবিতা,"চলে গেল, আর কিছু
নাই কহিবার।
চলে গেল, আর কিছু নাই গাহিবার।
শুধু গাহিতেছে আর শুধু কাঁদিতেছে
দীনহীন হৃদয় আমার, শুধু বলিতেছে,
“ চলে গেল সকলেই চলে গেল গো,
বুক শুধু ভেঙে গেল দলে
গেল গো। ”
বসন্ত চলিয়া গেলে
বর্ষা কেঁদে কেঁদে বলে,
“ ফুল গেল, পাখি গেল --
আমি শুধু রহিলাম, সবই গেল গো।
”
দিবস ফুরালে রাতি স্তব্ধ হয়ে রহে
,
শুধু কেঁদে কহে,
“ দিন গেল, আলো গেল, রবি গেল
গো --
কেবল একেলা আমি, সবই
গেল গো। ”
উত্তরবায়ুর সম
প্রাণের বিজনে মম
কে যেন কাঁদিছে শুধু
“ চলে গেল, চলে গেল,
সকলেই চলে গেল গো। ”
উৎসব ফুরায়ে গেলে
ছিন্ন শুষ্ক মালা
পড়ে থাকে হেথায় হোথায় --
তৈলহীন শিখাহীন ভগ্ন দীপগুলি
ধুলায় লুটায় --
একবার ফিরে কেহ দেখে নাকো ভুলি,
সবে চলে যায়।
পুরানো মলিন ছিন্ন বসনের মতো
সন্ধ্যাসংগীত
মোরে ফেলে গেল,
কাতর নয়নে চেয়ে রহিলাম কত --
সাথে না লইল।
তাই প্রাণ গাহে শুধু, কাঁদে শুধু, কহে শুধু,
“ মোরে ফেলে গেল,
সকলেই মোরে ফেলে গেল,
সকলেই চলে গেল গো। ”
একবার ফিরে তারা চেয়েছিল কি?
বুঝি চেয়েছিল।
একবার ভুলে তারা কেঁদেছিল কি?
বুঝি কেঁদেছিল।
বুঝি ভেবেছিল --
লয়ে যাই -- নিতান্ত কি একেলা কাঁদিবে?
তাই বুঝি ভেবেছিল।
তাই চেয়েছিল।
তার পরে? তার পরে!
তার পরে বুঝি হেসেছিল।
একফোঁটা অশ্রুবারি মুহূর্তেই শুকাইল।
তার পরে? তার পরে!
চলে গেল।
তার পরে? তার পরে!
ফুল গেল, পাখি গেল, আলো গেল, রবি গেল,
সবই গেল, সবই গেল গো --
হৃদয় নিশ্বাস ছাড়ি কাঁদিয়া কহিল
,
“ সকলেই চলে গেল গো,
আমারেই ফেলে গেল গো। ”"
৩৫,নৈবেদ্য,কবিতা,"কালি হাস্যে পরিহাসে গানে আলোচনে
অর্ধরাত্রি কেটে গেল বন্ধুজন-সনে ;
আনন্দের নিদ্রাহারা শ্রান্তি বহে লয়ে
ফিরি আসিলাম যবে নিভৃত আলয়ে
দাঁড়াইনু আঁধার অঙ্গনে। শীতবায়
বুলালো স্নেহের হস্ত তপ্ত ক্লান্ত গায়
মুহূর্তে চঞ্চল রক্তে শান্তি আনি দিয়া।
মুহূর্তেই মৌন হল স্তব্ধ হল হিয়া
নির্বাণপ্রদীপ রিক্ত নাট্যশালা-সম।
চাহিয়া দেখিনু ঊর্ধ্বপানে ; চিত্ত মম
মুহূর্তেই পার হয়ে অসীম রজনী
দাঁড়ালো নক্ষত্রলোকে।
হেরিনু তখনি —
খেলিতেছিলাম মোরা অকুণ্ঠিতমনে
তব স্তব্ধ প্রাসাদের অনন্ত প্রাঙ্গণে।"
পারস্যে জন্মদিনে,পরিশেষ,কবিতা,"ইরান, তোমার যত বুলবুল
তোমার কাননে যত আছে ফুল
বিদেশী কবির
জন্মদিনেরে মানি
শুনাল তাহার
অভিনন্দনবাণী।
ইরান, তোমার বীর সন্তান,
প্রণয়-অর্ঘ্য করিয়াছে দান
আজি এ
বিদেশী কবির জন্মদিনে,
আপনার বলি
নিয়েছে তাহারে চিনে।
ইরান, তোমার সম্মানমালে
নব গৌরব বহি নিজ ভালে
সার্থক হল
কবির জন্মদিন।
চিরকাল তারি
স্বীকার করিয়া ঋণ
তোমার ললাটে
পরানু এ মোর শ্লোক —
ইরানের জয় হোক।"
প্রাণগঙ্গা,পূরবী,কবিতা,"প্রতিদিন নদীস্রোতে পুষ্পপত্র করি অর্ঘ্য দান
পূজারির পূজা-অবসান।
আমিও তেমনি যত্নে মোর ডালি ভরি
গানের অঞ্জলি দান করি
প্রাণের জাহ্নবীজলধারে,
পূজি আমি তারে।
বিগলিত প্রেমের
আনন্দবারি সে যে,
এসেছে বৈকুণ্ঠধাম ত্যেজে।
মৃত্যুঞ্জয় শিবের অসীম জটাজালে
ঘুরে ঘুরে কালে কালে
তপস্যার তাপ লেগে প্রবাহ পবিত্র হল তার।
কত-না যুগের পাপভার
নিঃশেষে ভাসায়ে দিল অতলের মাঝে।
তরঙ্গে তরঙ্গে তার বাজে
ভবিষ্যের মঙ্গলসংগীত।
তটে তটে বাঁকে বাঁকে অনন্তের চলেছে ইঙ্গিত।
দৈবস্পর্শে তার
আমারে সে ধূলি হতে করিল উদ্ধার;
অঙ্গে অঙ্গে দিল তার তরঙ্গের
দোল;
কণ্ঠে দিল আপন কল্লোল।
আলোকের নৃত্যে মোর চক্ষু দিল ভরি
বর্ণের লহরী।
খুলে গেল অনন্তের কালো উত্তরীয়;
কত রূপে দেখা দিল প্রিয়,
অনির্বচনীয়।
তাই মোর গান
কুসুম-অঞ্জলি-অর্ঘ্যদান
পূরবী
প্রাণজাহ্নবীরে।
তাহারি আবর্তে ফিরে
ফিরে
এ পূজার কোনো ফুল নাও যদি ভাসে চিরদিন,
বিস্মৃতির তলে হয় লীন,
তবে তার লাগি, কহো,
কার সাথে আমার কলহ।
এই নীলাম্বরতলে তৃণরোমাঞ্চিত
ধরণীতে
বসন্তে বর্ষায় গ্রীষ্মে শীতে
প্রতিদিবসের পূজা প্রতিদিন করি অবসান
ধন্য
হয়ে ভেসে যাক গান।"
বাদল,ছবি ও গান,কবিতা,"একলা ঘরে বসে আছি, কেউ নেই কাছে,
সারাটা দিন মেঘ করে
আছে।
সারাদিন বাদল হল,
সারাদিন বৃষ্টি পড়ে,
সারাদিন বইছে বাদল-বায়!
মেঘের ঘটা আকাশভরা,
চারি দিকে আঁধার-করা,
তড়িৎ-রেখা ঝলক মেরে যায়।
শ্যামল বনের শ্যামল
শিরে
মেঘের ছায়া নেমেছে রে
,
মেঘের ছায়া কুঁড়েঘরের'পরে,
ভাঙাচোরা পথের ধারে
ঘন বাঁশের বনের ধারে
মেঘের ছায়া ঘনিয়ে যেন ধরে।
বিজন ঘরে বাতায়নে
সারাটা দিন আপন মনে
বসে বসে বাইরে চেয়ে দেখি,
টুপুটুপু
বৃষ্টি পড়ে,
পাতা হতে
পাতায় ঝরে,
ডালে বসে ভেজে একটি পাখি।
তালপুকুরে
জলের'পরে
বৃষ্টিবারি
নেচে বেড়ায়,
ছেলেরা মেতে বেড়ায় জলে,
মেয়েগুলি
কলসী নিয়ে
চলে আসে পথ
দিয়ে,
আঁধারভরা গাছের তলে তলে!
কে জানে কী
মনেতে আশ,
উঠছে ধীরে
দীর্ঘনিশাস,
ছবি ও গান
বায়ু উঠে শ্বসিয়া শ্বসিয়া।
ডালপালা হা
হা করে,
বৃষ্টিবিন্দু ঝরে পড়ে,
পাতা পড়ে খসিয়া খসিয়া।"
বিচ্ছেদ,মহুয়া,কবিতা,"রাত্রি যবে সাঙ্গ হল, দূরে চলিবারে
দাঁড়াইলে দ্বারে।
আমার কণ্ঠের যত গান
করিলাম দান।
তুমি হাসি
মোর হাতে দিলে তব বিরহের বাঁশি।
তার পরদিন হতে
বসন্তে শরতে
আকাশে বাতাসে উঠে খেদ,
কেঁদে কেঁদে ফিরে বিশ্বে বাঁশি আর গানের বিচ্ছেদ।"
অবুঝ মন,পরিশেষ,কবিতা,"অবুঝ শিশুর আবছায়া এই নয়ন - বাতায়নের ধারে
আপনাভোলা মনখানি তার অধীর হয়ে উঁকি মারে।
বিনাভাষার ভাবনা নিয়ে কেমন আঁকুবাঁকুর খেলা —
হঠাৎ ধরা, হঠাৎ ছড়িয়ে ফেলা,
হঠাৎ অকারণ
কী উৎসাহে বাহু নেড়ে উদ্দাম গর্জন।
হঠাৎ দুলে দুলে ওঠে,
অর্থবিহীন কোন্ দিকে তার লক্ষ ছোটে।
বাহির-ভুবন হতে
আলোর লীলায় ধ্বনির স্রোতে
যে বাণী তার আসে প্রাণে
তারি জবাব দিতে গিয়ে কী-যে জানায় কেই তা জানে।
এই - যে অবুঝ এই - যে বোবা মন
প্রাণের ' পরে ঢেউ জাগিয়ে কৌতুকে যে অধীর অনুক্ষণ,
সর্ব দিকেই সর্বদা উন্মুখ,
আপনারই চাঞ্চল্য নিয়ে আপনি সমুৎসুক —
নয় বিধাতার নবীন রচনা এ,
ইহার যাত্রা আদিম যুগের নায়ে।
বিশ্বকবির মানস-সরোবরে
প্রাতঃস্নানের পরে
প্রাণের সঙ্গে বাহির হল, তখন অন্ধকার,
নিয়ে এল ক্ষীণ আলোটি তার।
তারই প্রথম ভাষাবিহীন কূজনকাকলি যে
বনে বনে শাখায় পাতায় পুষ্পে ফলে বীজে
অঙ্কুরে অঙ্কুরে
উঠল জেগে
ছন্দে সুরে সুরে।
সূর্য-পানে
অবাক আঁখি মেলি
মুখরিত
উচ্ছল তার কেলি।
নানারূপের খেলনা যে তার নানা বর্ণে আঁকে,
বারেক খোলে, বারেক তারে ঢাকে।
পরিশেষ
রোদবাদলে করুণ কান্না হাসি।
সদাই ওঠে আভাসি উচ্ছ্বাসি।
ওই - যে শিশুর অবুঝ ভোলা মন
তরীর কোণে বসে বসে দেখছি তারই আকুল আন্দোলন।
মাঝে-মাঝে সাগর-পানে তাকিয়ে দেখি যত
মনে ভাবি, ও যেন এই শিশু-আঁখির মতো,
আকাশ-পানে আবছায়া ওর চাওয়া
কোন্ স্বপনে-পাওয়া,
অন্তরে ওর
যেন সে কোন্ অবুঝ ভোলা মন
এ তীর হতে ও তীর-পানে দুলছে অনুক্ষণ।
কেমন কলভাষে
প্রলয়কাঁদন কাঁদে ও যে প্রবল হাসি হাসে
আপ্ নিও তার
অর্থ আছে ভুলে —
ক্ষণে ক্ষণে শুধুই ফুলে ফুলে
অকারণে
গর্জি উঠে শূন্যে শূন্যে মূঢ় বাহু তুলে।
বিরাট অবুঝ এই সে আদিম মন,
মানব-ইতিহাসের মাঝে আপ্ নারে তার অধীর অন্বেষণ।
ঘর হতে ধায় আঙন-পানে, আঙন হতে পথে,
পথ হতে ধায় তেপান্তরের বিঘ্নবিষম অরণ্যে পর্বতে ;
এই সে গড়ে, এই সে ভাঙে, এই সে কী আক্ষেপে
পায়ের তলায় ধরণীতে আঘাত করে ধুলায় আকাশ ব্যেপে ;
হঠাৎ খেপে উঠে
রুদ্ধ
পাষাণভিত্তি- ' পরে বেড়ায় মাথা কুটে।
অনাসৃষ্টি সৃষ্টি আপনগড়া
তাই নিয়ে সে
লড়াই করে, তাই নিয়ে তার কেবল ওঠাপড়া।
হঠাৎ উঠে ঝেঁকে
যায় সে ছুটে কী রাঙা রঙ দেখে
অদৃশ্য কোন্ দূর দিগন্ত-পানে ;
আবছায়া কোন্ সন্ধ্যা-আলোয় শিশুর মতো তাকায় অনুমানে,
তাহার ব্যাকুলতা
স্বপ্নে সত্যে মিশিয়ে
রচে বিচিত্র রূপকথা।"
২২,বলাকা,কবিতা,"যখন আমায় হাতে ধরে
আদর করে
ডাকলে তুমি আপন পাশে,
রাত্রিদিবস ছিলেম ত্রাসে
পাছে তোমার আদর হতে অসাবধানে কিছু হারাই,
চলতে গিয়ে নিজের পথে
যদি আপন ইচ্ছামতে
কোনো দিকে এক পা বাড়াই
,
পাছে বিরাগ-কুশাঙ্কুরের একটি কাঁটা একটু মাড়াই।
মুক্তি, এবার মুক্তি আজি
উঠল বাজি
অনাদরের কঠিন ঘায়ে
অপমানের ঢাকে ঢোলে সকল
নগর সকল গাঁয়ে।
ওরে ছুটি, এবার ছুটি
, এই যে আমার হল ছুটি,
ভাঙল আমার মানের খুঁটি,
খসল বেড়ি হাতে পায়ে ;
এই যে এবার
দেবার নেবার
পথ খোলসা ডাইনে বাঁয়ে।
এতদিনে আবার মোরে
বিষম জোরে
ডাক দিয়েছে আকাশ পাতাল।
লাঞ্ছিতেরে কে রে থামায়?
ঘর-ছাড়ানো বাতাস আমায়
মুক্তি-মদে করল মাতাল।
খসে-পড়া তারার সাথে
নিশীথরাতে
ঝাঁপ দিয়েছি অতলপানে
মরণ-টানে।
বলাকা
আমি-যে সেই বৈশাখী মেঘ বাঁধনছাড়া,
ঝড় তাহারে দিল তাড়া ;
সন্ধ্যারবির
স্বর্ণকিরীট ফেলে দিল অস্তপারে,
বজ্রমানিক দুলিয়ে নিল গলার হারে ;
একলা আপন তেজে
ছুটল সে-যে
অনাদরের মুক্তিপথের ’পরে
তোমার চরণধুলায়-রঙিন চরম সমাদরে।
গর্ভ ছেড়ে মাটির ’পরে
যখন পড়ে
তখন ছেলে দেখে আপন মাকে।
তোমার আদর যখন ঢাকে
জড়িয়ে থাকি তারি নাড়ীর পাকে,
তখন তোমায় নাহি জানি।
আঘাত হানি
তোমারি আচ্ছাদন হতে
যেদিন দূরে ফেলাও টানি
সে-বিচ্ছেদে চেতনা দেয় আনি,
দেখি বদনখানি।"
আশা,কল্পনা,কবিতা,"এ জীবনসূর্য যবে অস্তে গেল চলি,
হে বঙ্গজননী মোর, ‘আয় বৎস’ বলি
খুলি দিলে অন্ত:পুরে প্রবেশদুয়ার,
ললাটে চুম্বন দিলে; শিয়রে আমার
জ্বালিলে অনন্ত দীপ। ছিল কণ্ঠে মোর
একখানি কণ্টকিত কুসুমের ডোর
সংগীতের পুরস্কার, তারি ক্ষতজ্বালা
হৃদয়ে জ্বলিতেছিল— তুলি সেই মালা
প্রত্যেক কণ্টক তার নিজ হস্তে বাছি
ধূলি তার ধুয়ে ফেলি শুভ্র মাল্যগাছি
গলায় পরায়ে দিয়ে লইলে বরিয়া
মোরে তব চিরন্তন সন্তান করিয়া।
অশ্রুতে ভরিয়া উঠি খুলিল নয়ন;
সহসা জাগিয়া দেখি, এ শুধু স্বপন!"
হঠাৎ-দেখা,শ্যামলী,কবিতা,"হঠাৎ দেখা
রেলগাড়ির কামরায় হঠাৎ দেখা,
ভাবি নি সম্ভব হবে কোনোদিন।
আগে ওকে
বারবার দেখেছি
লালরঙের শাড়িতে
দালিম ফুলের মতো রাঙা ;
আজ পরেছে কালো রেশমের কাপড়,
আঁচল তুলেছে মাথায়
দোলনচাঁপার মতো চিকনগৌর মুখখানি ঘিরে।
মনে হল, কালো রঙে একটা গভীর দূরত্ব
ঘনিয়ে নিয়েছে নিজের চার দিকে,
যে দূরত্ব সর্ষেখেতের শেষ সীমানায়
শালবনের নীলাঞ্জনে।
থমকে গেল আমার সমস্ত মনটা ;
চেনা লোককে
দেখলেম অচেনার গাম্ভীর্যে।
হঠাৎ খবরের কাগজ ফেলে দিয়ে
আমাকে করলে নমস্কার।
সমাজবিধির পথ গেল খুলে,
আলাপ করলেম শুরু —
কেমন আছ, কেমন চলছে সংসার
ইত্যাদি।
সে রইল
জানলার বাইরের দিকে চেয়ে
যেন কাছের দিনের ছোঁয়াচ - পার - হওয়া চাহনিতে।
দিলে
অত্যন্ত ছোটো দুটো - একটা জবাব,
কোনোটা বা দিলেই না।
বুঝিয়ে দিলে
হাতের অস্থিরতায় —
কেন এ - সব কথা,
এর চেয়ে
অনেক ভালো চুপ করে থাকা।
শ্যামলী
আমি ছিলেম অন্য বেঞ্চিতে
ওর সাথিদের সঙ্গে।
এক সময়ে আঙুল নেড়ে জানালে কাছে আসতে।
মনে হল কম সাহস নয় ;
বসলুম ওর এক - বেঞ্চিতে।
গাড়ির আওয়াজের আড়ালে
বললে মৃদুস্বরে,
“ কিছু মনে কোরো না,
সময় কোথা সময় নষ্ট করবার।
আমাকে নামতে হবে পরের স্টেশনেই ;
দূরে যাবে তুমি,
দেখা হবে না আর কোনোদিনই।
তাই যে প্রশ্নটার জবাব
এতকাল থেমে আছে,
শুনব তোমার মুখে।
সত্য করে বলবে তো?
আমি বললেম, “ বলব। ”
বাইরের
আকাশের দিকে তাকিয়েই শুধোল,
“ আমাদের গেছে যে দিন
একেবারেই কি গেছে,
কিছুই কি নেই বাকি। ”
একটুকু রইলেম চুপ করে ;
তারপর বললেম
,
“ রাতের সব তারাই আছে
দিনের আলোর গভীরে। ”
খটকা লাগল, কী জানি বানিয়ে বললেম না কি।
ও বললে, “ থাক্ , এখন যাও ও
দিকে। ”
সবাই নেমে গেল পরের স্টেশনে ;
আমি চললেম একা।"
১০১,খাপছাড়া,কবিতা,"বেলা আটটার কমে
খোলে না তো চোখ সে।
সামলাতে পারে না যে
নিদ্রার ঝোঁক সে।
জরিমানা
হলে বলে —
‘ এসেছি যে মা ফেলে,
আমার চলে না দিন
মাইনেটা না পেলে।
তোমার চলবে কাজ
যে ক'রেই হোক সে,
আমারে অচল করে
মাইনের শোক সে। '"
শেষ চুম্বন,চৈতালি,কবিতা,"দূর স্বর্গে বাজে যেন নীরব ভৈরবী।
ঊষার করুণ চাঁদ শীর্ণমুখচ্ছবি।
ম্লান হয়ে এল তারা; পূর্বদিগ্ বধূর
কপোল শিশিরসিক্ত, পান্ডুর, বিধুর।
ধীরে ধীরে নিবে গেল শেষ দীপশিখা,
খসে গেল যামিনীর স্বপ্নযবনিকা।
প্রবেশিল বাতায়নে পরিতাপসম
রক্তরশ্মি প্রভাতের আঘাত নির্মম।
সেইক্ষণে গৃহদ্বারে সত্বর সঘন
আমাদের সর্বশেষ বিদায়-চুম্বন।
মুহূর্তে উঠিল বাজি চারি দিক হতে
কর্মের ঘর্ঘরমন্দ্র সংসারের পথে।
মহারবে সিংহদ্বার খুলে বিশ্বপুরে—
অশ্রুজল মুছে ফেলি চলি গেনু দূরে।"
২৭,আরোগ্য,কবিতা,"বাক্যের যে ছন্দোজাল শিখেছি গাঁথিতে
সেই জালে ধরা পড়ে
অধরা যা চেতনার সতর্কতা ছিল এড়াইয়া
আগোচরে মনের গহনে।
নামে বাঁধিবারে চাই, না মানে নামের পরিচয়।
মূল্য তার থাকে যদি
দিনে দিনে হয় তাহা জানা
হাতে হাতে ফিরে।
অকস্মাৎ পরিচয়ে বিস্ময় তাহার
ভুলায় যদি বা,
লোকালয়ে নাহি পায় স্থান,
মনের সৈকততটে বিকীর্ণ সে রহে কিছুকাল,
লালিত যা গোপনের
প্রকাশ্যের অপমানে
দিনে দিনে মিশায় বালুতে।
পণ্যহাটে অচিহ্নিত পরিত্যক্ত রিক্ত এ জীর্ণতা
যুগে যুগে কিছু কিছু দিয়ে গেছে অখ্যাতের দান
সাহিত্যের ভাষা-মহাদ্বীপে
প্রাণহীন প্রবালের মতো।"
প্রতিনিধি,কথা,কবিতা,"অ্যাক্ ওয়ার্থ্ সাহেব কয়েকটি মারাঠি গাথার যে ইংরাজি
অনুবাদগ্রন্থ
প্রকাশ করিয়াছেন তাহারই ভূমিকা হইতে বর্ণিত ঘটনা গৃহীত।
শিবাজির গেরুয়া পতাকা ‘ ভগোয়া ঝেণ্ডা’ নামে খ্যাত।
বসিয়া প্রভাতকালে
সেতারার দুর্গভালে
শিবাজি হেরিলা এক দিন—
রামদাস গুরু তাঁর
ভিক্ষা মাগি দ্বার দ্বার
ফিরিছেন যেন অন্নহীন।
ভাবিলা, এ কী এ কাণ্ড!
গুরুজির ভিক্ষাভাণ্ড —
ঘরে যাঁর নাই দৈন্যলেশ!
সব যাঁর হস্তগত,
রাজ্যেশ্বর পদানত,
তাঁরো নাই বাসনার শেষ!
এ কেবল দিনে রাত্রে
জল ঢেলে ফুটা পাত্রে
বৃথা চেষ্টা তৃষ্ণা মিটাবারে।
কহিলা, ‘ দেখিতে হবে
কতখানি দিলে তবে
ভিক্ষাঝুলি ভরে একেবারে।’
তখনি লেখনী আনি
কী লিখি দিলা কী জানি,
বালাজিরে কহিলা ডাকায়ে,
‘ গুরু যবে ভিক্ষা - আশে
আসিবেন দুর্গ - পাশে
এই লিপি দিয়ো তাঁর পায়ে।’
গুরু চলেছেন গেয়ে,
সম্মুখে চলেছে ধেয়ে
কত পান্থ কত অশ্বরথ!—
‘ হে ভবেশ, হে শংকর,
সবারে দিয়েছ ঘর,
আমারে দিয়েছ শুধু পথ।
অন্নপূর্ণা মা আমার
লয়েছ বিশ্বের ভার,
সুখে আছে সর্ব চরাচর —
মোরে তুমি, হে ভিখারি,
মার কাছ হতে কাড়ি
করেছ আপন অনুচর।’
কথা
সমাপন করি গান
সারিয়া মধ্যাহ্নস্নান
দুর্গদ্বারে আসিলা যখন —
বালাজি নমিয়া তাঁরে
দাঁড়াইল এক ধারে
পদমূলে রাখিয়া লিখন।
গুরু কৌতূহলভরে
তুলিয়া লইলা করে,
পড়িয়া দেখিলা পত্রখানি —
বন্দি তাঁর পাদপদ্ম
শিবাজি সঁপিছে অদ্য
তাঁরে নিজ রাজ্য - রাজধানী।
পরদিনে রামদাস
গেলেন রাজার পাশ,
কহিলেন, ‘ পুত্র, কহো শুনি,
রাজ্য যদি মোরে দেবে
কী কাজে লাগিবে এবে —
কোন্ গুণ আছে তব গুণী?’
‘ তোমারি দাসত্বে প্রাণ
আনন্দে করিব দান’
শিবাজি কহিলা নমি তাঁরে।
গুরু কহে, ‘ এই ঝুলি
লহ তবে স্কন্ধে তুলি,
চলো আজি ভিক্ষা করিবারে।’
শিবাজি গুরুর সাথে
ভিক্ষাপাত্র লয়ে হাতে
ফিরিলে পুরদ্বারে - দ্বারে।
নৃপে হেরি ছেলেমেয়ে
ভয়ে ঘরে যায় ধেয়ে,
ডেকে আনে পিতারে মাতারে।
অতুল ঐশ্বর্যে রত,
তাঁর ভিখারির ব্রত!
এ যে দেখি জলে ভাসে শিলা!
ভিক্ষা দেয় লজ্জাভরে,
হস্ত কাঁপে থরেথরে,
ভাবে ইহা মহতের লীলা।
দুর্গে দ্বিপ্রহর বাজে,
ক্ষান্ত দিয়া কর্মকাজে
বিশ্রাম করিছে পুরবাসী।
একতারে দিয়ে তান
রামদাস গাহে গান
আনন্দে নয়নজলে ভাসি,
‘ ওহে ত্রিভুবনপতি,
বুঝি না তোমার মতি,
কথা
কিছুই অভাব তব নাহি —
হৃদয়ে হৃদয়ে তবু
ভিক্ষা মাগি ফির, প্রভু,
সবার সর্বস্বধন চাহি।’
অবশেষে দিবসান্তে
নগরের এক প্রান্তে
নদীকূলে সন্ধ্যাস্নান সারি —
ভিক্ষা - অন্ন রাঁধি সুখে
গুরু কিছু দিলা মুখে,
প্রসাদ পাইল শিষ্য তাঁরি।
রাজা তবে কহে হাসি,
‘ নৃপতির গর্ব নাশি
করিয়াছ পথের ভিক্ষুক —
প্রস্তুত রয়েছে দাস,
আরো কিবা অভিলাষ —
গুরু - কাছে লব গুরু দুখ।’
গুরু কহে, ‘ তবে শোন্ ,
করিলি কঠিন
পণ,
অনুরূপ নিতে হবে ভার —
এই আমি দিনু কয়ে
মোর নামে মোর হয়ে
রাজ্য তুমি লহ পুনর্বার।
তোমারে করিল বিধি
ভিক্ষুকের প্রতিনিধি,
রাজ্যেশ্বর দীন উদাসীন।
পালিবে যে রাজধর্ম
জেনো তাহা মোর কর্ম,
রাজ্য লয়ে রবে রাজ্যহীন।’
‘ বৎস, তবে এই লহো
মোর আশীর্বাদসহ
আমার গেরুয়া গাত্রবাস —
বৈরাগীর উত্তরীয়
পতাকা করিয়া নিয়ো '
কহিলেন গুরু রামদাস।
নৃপশিষ্য নতশিরে
বসি রহে নদীতীরে,
চিন্তারাশি ঘনায়ে ললাটে।
থামিল রাখালবেণু,
গোঠে ফিরে গেল ধেনু,
পরপারে সূর্য গেল পাটে।
পূরবীতে ধরি তান
একমনে রচি গান
কথা
গাহিতে লাগিলা রামদাস,
‘ আমারে রাজার সাজে
বসায়ে সংসারমাঝে
কে তুমি আড়ালে কর বাস!
হে রাজা, রেখেছি আনি
তোমারি পাদুকাখানি,
আমি থাকি পাদপীঠতলে —
সন্ধ্যা হয়ে এল ওই,
আর কত বসে রই!
তব রাজ্যে তুমি এসো চলে।’"
৫,বলাকা,কবিতা,"মত্ত সাগর দিল পাড়ি গহন রাত্রিকালে
ওই যে আমার নেয়ে।
ঝড় বয়েছে, ঝড়ের হাওয়া লাগিয়ে দিয়ে পালে
আসছে তরী বেয়ে।
কালো রাতের কালি-ঢালা ভয়ের বিষম বিষে
আকাশ যেন মূর্ছি পড়ে সাগরসাথে মিশে,
উতল ঢেউয়ের দল খেপেছে, না পায় তারা দিশে,
উধাও চলে ধেয়ে।
হেনকালে এ-দুর্দিনে ভাবল মনে কী সে
কূলছাড়া মোর নেয়ে।
এমন রাতে উদাস হয়ে কেমন অভিসারে
আসে আমার নেয়ে।
সাদা পালের চমক দিয়ে নিবিড় অন্ধকারে
আসছে তরী বেয়ে।
কোন্ ঘাটে যে ঠেকবে এসে কে জানে তার পাতি,
পথহারা কোন্ পথ দিয়ে সে আসবে রাতারাতি,
কোন অচেনা আঙিনাতে তারি পূজার বাতি
রয়েছে পথ চেয়ে।
অগৌরবার বাড়িয়ে গরব করবে আপন সাথি
বিরহী মোর নেয়ে।
এই তুফানে এই তিমিরে খোঁজে কেমন খোঁজা
বিবাগী মোর নেয়ে।
নাহি জানি পূর্ণ ক’রে কোন্ রতনের বোঝা
আসছে তরী বেয়ে।
নহে নহে, নাইকো মানিক, নাই রতনের ভার,
একটি ফুলের গুচ্ছ আছে রজনীগন্ধার,
সেইটি হাতে আঁধার রাতে সাগর হবে পার
আনমনে গান গেয়ে।
কার গলাতে নবীন প্রাতে পরিয়ে দেবে হার
বলাকা
নবীন আমার নেয়ে।
সে থাকে এক পথের পাশে, অদিনে যার তরে
বাহির হল নেয়ে।
তারি লাগি পাড়ি দিয়ে সবার অগোচরে
আসছে তরী বেয়ে।
রুক্ষ অলক উড়ে পড়ে, সিক্ত-পলক আঁখি,
ভাঙা ভিতের ফাঁক দিয়ে তার বাতাস চলে হাঁকি,
দীপের আলো বাদল-বায়ে কাঁপছে থাকি থাকি
ছায়াতে ঘর ছেয়ে।
তোমরা যাহার নাম জান না তাহারি নাম ডাকি
ওই যে আসে নেয়ে।
অনেক দেরি হয়ে গেছে বাহির হল কবে
উন্মনা মোর নেয়ে।
এখনো রাত হয় নি প্রভাত, অনেক দেরি হবে
আসতে তরী বেয়ে।
বাজবে নাকো তূরী ভেরী, জানবে নাকো কেহ,
কেবল যাবে আঁধার কেটে, আলোয় ভরবে গেহ,
দৈন্য যে তার ধন্য হবে, পুণ্য হবে দেহ
পুলক-পরশ পেয়ে
নীরবে তার চিরদিনের ঘুচিবে সন্দেহ
কূলে আসবে নেয়ে।"
আগমনী,পূরবী,কবিতা,"মাঘের বুকে সকৌতুকে কে আজি এল, তাহা
বুঝিতে পারো তুমি?
শোন নি কানে হঠাৎ গানে কহিল ‘আহা আহা’
সকল বনভূমি?
শুষ্ক জরা পুষ্প-ঝরা
হিমের-বায়ে-কাঁপন-ধরা
শিথিল মন্থর
‘কে এল’ বলি তরাসি উঠে শীতের সহচর।
গোপনে এল, স্বপনে এল, এল সে মায়াপথে,
পায়ের ধ্বনি নাহি।
ছায়াতে এল, কায়াতে এল, এল সে মনোরথে
দখিন-হাওয়া বাহি।
অশোকবনে নবীন পাতা
আকাশ-পানে তুলিল মাথা,
কহিল, ‘এসেছ কি?’
মর্মরিয়া থরোথরো
কাঁপিল আমলকী।
কাহারে চেয়ে উঠিল গেয়ে দোয়েল চাঁপা-শাখে
‘শোনো গো, শোনো শোনো।’
শ্যামা না জানে প্রভাতী গানে কী নামে তারে ডাকে
আছে কি নাম কোনো?
কোকিল শুধু মুহুর্ মুহু
আপন মনে কুহরে কুহু
ব্যথায়-ভরা বাণী।
কপোত বুঝি শুধায় শুধু, ‘জানি কি, তারে জানি?’
আমের বোলে কী কলরোলে সুবাস ওঠে মাতি
অসহ উচ্ছ্বাসে।
আপন মনে মাধবী ভনে কেবলই দিবারাতি,
পূরবী
‘মোরে সে ভালোবাসে।’
অধীর হাওয়া নদীর পারে
খেপার মতো কহিছে কারে,
‘বলো তো কী-যে করি?’
শিহরি উঠি শিরীষ বলে, ‘কে ডাকে, মরি মরি!’
কেন যে আজি উঠিল বাজি আকাশ-কাঁদা বাঁশি
জানিস তাহা না কি?
রঙিন যত মেঘের মতো কী যায় মনে ভাসি
কেন যে থাকি থাকি?
অবুঝ
তোরা তাহারে বুঝি
দূরের পানে ফিরিস খুঁজি—
বাহিরে-আঁখি-বাঁধা,
প্রাণের মাঝে চাহিস না যে, তাই তো লাগে ধাঁধা।
পুলকে-কাঁপা কনকচাঁপা বুকের মধু-কোষে
পেয়েছে দ্বার নাড়া,
এমন করে কুঞ্জ ভরে সহজে তাই তো সে
দিয়েছে তারি সাড়া।
সহসা বনমল্লিকা যে
পেয়েছে তারে আপন-মাঝে,
ছুটিয়া দলে দলে
‘এই যে তুমি’ ‘এই যে তুমি’ আঙুল তুলে বলে।
পেয়েছে তারা, গেয়েছে তারা, জেনেছে তারা সব
আপন মাঝখানে—
তাই এ শীতে জাগালো গীতে বিপুল কলরব
দ্বিধাবিহীন তানে।
ওদের সাথে জাগ্ রে কবি,
হৃৎকমলে দেখ্ সে ছবি,
ভাঙুক মোহঘোর।
বনের তলে নবীন এল, মনের তলে তোর।
পূরবী
আলোতে তোরে দিক-না ভরে ভোরের নব রবি,
বাজ্ রে বীণা বাজ্ ।
গগন-কোলে হাওয়ার দোলে ওঠ্ রে দুলে কবি,
ফুরালো তোর কাজ।
বিদায় নিয়ে যাবার আগে
পড়ুক টান ভিতর-বাগে,
বাহিরে পাস ছুটি।
প্রেমের ডোরে বাঁধুক তোরে, বাঁধন যাক টুটি।"
খোকা,শিশু,কবিতা,"খোকার চোখে যে ঘুম আসে
সকল - তাপ - নাশা —
জান কি কেউ কোথা হতে যে
করে সে যাওয়া - আসা।
শুনেছি রূপকথার গাঁয়ে
জোনাকি - জ্বলা বনের ছায়ে
দুলিছে দুটি পারুল - কুঁড়ি,
তাহারি মাঝে বাসা —
সেখান থেকে খোকার চোখে
করে সে যাওয়া - আসা।
খোকার ঠোঁটে যে হাসিখানি
চমকে ঘুমঘোরে —
কোন্ দেশে যে জনম তার
কে কবে তাহা মোরে।
শুনেছি কোন্ শরৎ - মেঘে
শিশু - শশীর কিরণ লেগে
সে হাসিরুচি জনমি ছিল
শিশিরশুচি ভোরে —
খোকার ঠোঁটে যে হাসিখানি
চমকে ঘুমঘোরে।
খোকার গায়ে মিলিয়ে আছে
যে কচি কোমলতা —
জান কি সে যে এতটা কাল
লুকিয়ে ছিল কোথা।
মা যবে ছিল কিশোরী মেয়ে
করুণ তারি পরান ছেয়ে
মাধুরীরূপে মুরছি ছিল
কহে নি কোনো কথা —
শিশু
খোকার গায়ে মিলিয়ে আছে
যে কচি কোমলতা।
আশিস আসি পরশ করে
খোকারে ঘিরে ঘিরে —
জান কি কেহ কোথা হতে সে
বরষে তার শিরে।
ফাগুনে নব মলয়শ্বাসে,
শ্রাবণে নব নীপের বাসে,
আশিনে নব ধান্যদলে,
আষাড়ে নব নীরে —
আশিস আসি পরশ করে
খোকারে ঘিরে ঘিরে।
এই - যে খোকা তরুণতনু
নতুন মেলে আঁখি —
ইহার ভার কে লবে আজি
তোমরা জান তা কি।
হিরণময় কিরণ - ঝোলা
যাঁহার এই ভুবন - দোলা
তপন - শশী - তারার কোলে
দেবেন এরে রাখি —
এই - যে খোকা তরুণতনু
নতুন মেলে আঁখি।"
পান্থ,পরিশেষ,কবিতা,"শুধায়ো না মোরে তুমি মুক্তি কোথা, মুক্তি কারে কই,
আমি তো সাধক নই, আমি গুরু নই।
আমি কবি, আছি
ধরণীর অতি কাছাকাছি,
এ পারের খেয়ার ঘাটায়।
সম্মুখে প্রাণের নদী জোয়ার-ভাঁটায়
নিত্য বহে নিয়ে ছায়া আলো,
মন্দ ভালো,
ভেসে-যাওয়া কত কী যে, ভুলে-যাওয়া কত রাশি রাশি
লাভক্ষতি কান্নাহাসি —
এক তীর গড়ি তোলে অন্য তীর ভাঙিয়া ভাঙিয়া ;
সেই প্রবাহের ‘ পরে উষা ওঠে রাঙিয়া রাঙিয়া,
পড়ে চন্দ্রালোকরেখা জননীর অঙ্গুলির মতো ;
কৃষ্ণরাতে তারা যত
জপ করে ধ্যানমন্ত্র ; অস্তসূর্য রক্তিম উত্তরী
বুলাইয়া চলে যায়, সে তরঙ্গে মাধবীমঞ্জরি
ভাসায় মাধুরীডালি,
পাখি তার গান দেয় ঢালি।
সে তরঙ্গনৃত্যছন্দে বিচিত্র
ভঙ্গিতে
চিত্ত যবে নৃত্য করে আপন সংগীতে
এ বিশ্বপ্রবাহে,
সে ছন্দে বন্ধন মোর,
মুক্তি মোর তাহে।
রাখিতে চাহি না কিছু, আঁকড়িয়া চাহি না রহিতে,
ভাসিয়া চলিতে চাই সবার সহিতে
বিরহমিলনগ্রন্থি খুলিয়া খুলিয়া,
তরণীর পালখানি পলাতকা বাতাসে তুলিয়া।
হে মহাপথিক,
অবারিত তব দশ দিক।
তোমার মন্দির নাই, নাই স্বর্গধাম,
পরিশেষ
নাইকো চরম পরিণাম ;
তীর্থ তব পদে পদে ;
চলিয়া তোমার সাথে মুক্তি পাই চলার সম্পদে,
চঞ্চলের নৃত্যে আর চঞ্চলের গানে,
চঞ্চলের সর্বভোলা দানে —
আঁধারে আলোকে,
সৃজনের পর্বে পর্বে, প্রলয়ের পলকে পলকে।"
৪৬,নৈবেদ্য,কবিতা,"মাতৃস্নেহবিগলিত স্তন্যক্ষীররস
পান করি হাসে শিশু আনন্দে অলস —
তেমনি বিহ্বল হর্ষে ভাবরসরাশি
কৈশোরে করেছি পান ; বাজায়েছি বাঁশি
প্রমত্ত পঞ্চম সুরে, প্রকৃতির বুকে
লালনললিতচিত্ত শিশুসম সুখে
ছিনু শুয়ে ; প্রভাত-শর্বরী-সন্ধ্যা-বধূ
নানা পাত্রে আনি দিত নানাবর্ণ মধু
পুষ্পগন্ধে মাখা।
আজি সেই ভাবাবেশ
সেই বিহ্বলতা যদি হয়ে থাকে শেষ,
প্রকৃতির স্পর্শমোহ গিয়ে থাকে দূরে —
কোনো দুঃখ নাহি। পল্লী হতে রাজপুরে
এবার এনেছ মোরে, দাও চিত্তে বল
দেখাও সত্যের মূর্তি কঠিন নির্মল।"
২৮,খাপছাড়া,কবিতা,"যখনি যেমনি হোক জিতেনের মর্ জি
কথায় কথায় তার লাগে আশ্চর্যি।
অডিটর ছিল জিতু হিসাবেতে টঙ্ক,
আপিসে মেলাতেছিল বজেটের অঙ্ক ;
শুনলে সে, গেছে দেশে রামদীন দর্ জি,
শুনতে না-শুনতেই বলে ‘ আশ্চর্যি '।
যে দোকানি গাড়ি তাকে করেছিল বিক্রি
কিছুতে দাম না পেয়ে করেছে সে ডিক্রি,
বিস্তর ভেবে জিতু উঠল সে গর্জি —
‘ভারি আশ্চর্যি'।
শুনলে, জামাইবাড়ি ছিল বুড়ি ঝিনাদায়,
ছ বছর মেলেরিয়া ভুগে ভুগে চিনা দায়,
সেদিন মরেছে শেষে পুরোনো সে ওর ঝি,
জিতেন চশমা
খুলে বলে ‘ আশ্চর্যি '।"
৫৬,গীতালি,কবিতা,"আলো যে আজ গান করে মোর প্রাণে গো।
কে এল মোর অঙ্গনে কে জানে গো।
হৃদয় আমার উদাস করে
কেড়ে নিল আকাশ মোরে,
বাতাস আমায় আনন্দবাণ হানে গো।
দিগন্তের ওই নীল নয়নের ছায়াতে
কুসুম যেন বিকাশে মোর কায়াতে।
মোর হৃদয়ের সুগন্ধ যে
বাহির হল কাহার খোঁজে
,
সকল জীবন চাহে কাহার পানে গো।"
৩,ছড়া,কবিতা,"ঝিনেদার জমিদার কালাচাঁদ রায়রা
সে-বছর পুষেছিল একপাল পায়রা।
বড়োবাবু খাটিয়াতে বসে বসে পান খায়,
পায়রা আঙিনা জুড়ে খুঁটে খুঁটে ধান খায়।
হাঁসগুলো জলে চলে আঁকাবাঁকা রকমে,
পায়রা জমায় সভা বক্ -বক্ -বকমে।
খবরের কাগজেতে shock দিল বক্ষে,
প্যারাগ্রাফে ঠোক্কর লাগে তার চক্ষে।
তিন দিন ধ’রে নাকি দুই দলে পোড়াদয়
ঘুড়ি-কাটাকাটি নিয়ে মাথা ফাটাফাটি হয়।
কেউ বলে ঘুড়ি নয়, মনে হয় সন্ধ—
পোলিটিকালের যেন পাওয়া যায় গন্ধ।
‘রানাঘাট-সমাচারে’ লিখেছে রিপোর্টার—
আঠারোই অঘ্রানে শুরু হতে ভোরটার
বেশি বই কম নয় ছয়-সাত হাজারে
গুণ্ডার দল এল সবজির বাজারে।
এ খবর একেবারে লুকোনোই দরকার,
গাপ করে দিল তাই ইংরেজ সরকার।
ভয় ছিল কোনোদিন প্রশ্নের ধাক্কায়
পার্লিয়ামেণ্টের হাওয়া পাছে পাক খায়।
এডিটর বলে, এতে পুলিসের গাফেলি।
পুলিস বলে যে, চলো বুঝেসুঝে পা ফেলি;
ভাঙল কপাল যত কপালেরই দোষ সে,
এ-সব ফসল ফলে কন্ গ্রেসি শস্যে।
সবজির বাজারেতে মুলো মোচা সস্তায়
পাওয়া গেল বাসি মাল ঝাঁকা ঝুড়ি বস্তায়।
ঝুড়ি থেকে ছুঁড়ে ছুঁড়ে মেরেছিল চালতা,
যশোরের কাগজেতে বেরিয়েছে কাল তা।
‘মহাকাল’ লিখেছিল, ভাষা তার শানানো—
চালতা ছোঁড়ার কথা আগাগোড়া বানানো;
ছড়া
বড়ো বড়ো লাউ নাকি ছুঁড়েছে দু পক্ষে,
শচীবাবু দেখেছে সে আপনার চক্ষে।
দাঙ্গায় হাঙ্গামে মিছে ক’রে লোক গোনা,
সংবাদী সমাজের কখনো এ যোগ্য না।
আর-এক সাক্ষীর আর-এক জবানি—
বেল ছুঁড়ে মেরেছিল দেখেছে তা ভবানী।
যার নাকে লেগেছিল সে গিয়েছে ভেবড়ে,
ভাগ্যেই নাক তার যায় নাই থেবড়ে।
শুনে এডিটর বলে, এ কি বিশ্বাস্য—
কে না জানে নাসাটা যে সহজেই নাশ্য।
জানি না কি ও পাড়ায় কোনোখানে নাই বেল;
ভবানী লিখল, এ যে আগাগোড়া লাইবেল।
মাঝে থেকে গায়ে প’ড়ে চেঁচায় আদিত্য—
আমারে আরোপ করা মিথ্যাবাদিত্ব!
কোন্ বংশে যে মোর জন্ম তা জান তো,
আমার পায়ের কাছে করো মাথা আনত।
আমার বোনের যোগ বিবাহের সূত্রে
ভজু গোস্বামীদের পুত্রের পুত্রে।
এডিটর লেখে, তব ভগ্নীর স্বামী যে
গো বটে গোয়ালবাসী, জানি তাহা আমি যে।
ঠাট্টার অর্থটা ব্যাকরণে খুঁজতে
দেরি হল, পরদিনে পারল সে বুঝতে।
মহা রেগে বলে, তব কলমের চালনা
এখনি ঘুচাতে পারি, বাড়াবাড়ি ভালো না।
ফাঁস করে দিই যদি, হবে সে কি খোশনাম,
কোথায় তলিয়ে যাবে সাতকড়ি ঘোষ নাম।
জানি তব জামাইয়ের জ্যাঠাইয়ের যে বেহাই
আদালতে কত ক’রে পেয়েছিল সে রেহাই।
ঠাণ্ডা মেজাজ মোর সহজে তো রাগি নে,
নইলে তোমার সেই আদরের ভাগিনে
তার কথা বলি যদি— এই ব’লে বলাটা
শুরু করে ঘেঁটে দিল পঙ্কের তলাটা।
ছড়া
তার পরে জানা গেল গাঁজাখুরি সবটাই,
মাথা-ফাটাফাটি আদি মিছে জনরবটাই।
মাছ নিয়ে বকাবকি করেছিল জেলেটা,
পচা কলা ছুঁড়ে তারে মেরেছিল ছেলেটা।
আসল কথাটা এই অটলা ও পটলা
বাধালো ধর্মঘটে জন ছয়ে জটলা।
শুধু কুলি চারজন করেছিল গোলমাল—
লালপাগড়ি সে এসে বলেছিল,তোল্ মাল।
গুড়ের কলসিখানা মেতে উঠে ফেটেছিল,
রাজ্যের খেঁকিগুলো শুঁকে শুঁকে চেটেছিল;
বক্তৃতা করেছিল হরিহর শিকদার—
দোকানিরা বলেছিল, এ যে ভারি দিকদার।
সাদা এই প্রতিবাদ লিখেছিল তারিণী,
গ্রামের নিন্দে সে-যে সইতেই পারে নি।
নেহাত পারে না যারা পাব্ লিশ না করে
সব-শেষ পাতে দিল বর্জই আখরে।
প্রতিবাদটুকু কোনো রেখা নাহি রেখে যায়,
বেল থেকে তাল হয়ে গুজবটা থেকে যায়।
ঠিকমতো সংবাদ লিখেছিল সজনী—
সহ্য না হল সেটা, শুনেছে বা কজনই।
জ্যাঠাইয়ের বেহাইয়ের মামলাটা ছাড়াতে
যা ঘটেছে হাসি তার থেকে গেল পাড়াতে।
আদরের ভাগনের কী কেলেঙ্কারি সে,
বারাসতে বরিশালে হয়ে গেছে জারি সে।
হিতসাধনী সভার চাঁদাচুরি কাণ্ড
ছড়িয়ে পড়েছে আজ সারা ব্রহ্মাণ্ড।
ছেলেরা দুভাগ হল মাগুরার কলেজে—
এরা যদি বলে বেল, ওরা লাউ বলে যে।
চালতার দল থাকে উভয়ের মাঝেতে,
তারা লাগে দু দলের সভা-ভাঙা কাজেতে।
দলপতি পশ্চাতে রব তোলে বাহবার,
তার পরে গোলেমালে হয়ে পড়ে যা হবার।
ছড়া
ভয়ে ভয়ে ছি-ছি বলে কলেজের কর্তারা,
তার পরে মাপ চেয়ে চলে যায় ঘর তারা।
একদা দু এডিটরে দেখা হল গাড়িতে,
পনেরো মিনিট শুধু ছিল ট্রেন ছাড়িতে।
ফোঁস করে ওঠে ফের পুরাতন কথা সেই,
ঝাঁজ তার পুরো আছে আগে ছিল যথা সেই।
একজন বলে বেল, লাউ বলে অন্যে,
দুজনেই হয়ে ওঠে মারমুখো হন্যে।
দেখছি যা ব্যপার সে নয় কম তর্কের,
মুখে বুলি ওঠে আত্মীয় সম্পর্কের।
পয়লা দরের knave, idiot কি কেবল,
liar সে, humbug, cad unspeakable—
এই মতো বাছা বাছা ইংরেজি কটুতা
প্রকাশ করিতে থাকে দুজনের পটুতা।
অনুচর যারা, তারা খেপে ওঠে কেউ কেউ—
কুকুরটা কী ভেবে যে ডেকে ওঠে ভেউ-ভেউ।
হাওড়ায় ভিড় জমে, দেখে সবে রঙ্গ—
গার্ড এসে করে দিল যাত্রাই ভঙ্গ।
গার্ডকে সেলাম করি; বলি, ভাই বাঁচালি,
টার্মিনাসেতে এল বেলছোঁড়া পাঁচালি।
ঝিনেদার জমিদার বসে বসে পান খায়,
পায়রা আঙিনা জুড়ে খুঁটে খুঁটে ধান খায়
হেলেদুলে হাঁসগুলো চলে বাঁকা রকমে,
পায়রা জমায় সভা বক্ -বক্ -বকমে।"
৯,শেষ লেখা,কবিতা,"বাণীর মুরতি গড়ি
একমনে
নির্জন প্রাঙ্গণে
পিণ্ড পিণ্ড মাটি তার
যায় ছড়াছড়ি —
অসমাপ্ত মূক
শূন্যে চেয়ে থাকে
নিরুৎসুক।
গর্বিত মূর্তির পদানত
মাথা ক ' রে থাকে নিচু,
কেন আছে উত্তর না দিতে পারে কিছু।
বহুগুণে শোচনীয় হায় তার চেয়ে
এক কালে যাহা রূপ পেয়ে
কালে কালে অর্থহীনতায়
ক্রমশ মিলায়।
নিমন্ত্রণ ছিল কোথা, শুধাইলে তারে
উত্তর কিছু না দিতে পারে —
কোন্ স্বপ্ন বাঁধিবারে
বহিয়া ধূলির ঋণ
দেখা দিল
মানবের দ্বারে।
বিস্মৃত স্বর্গের কোন্
উর্বশীর ছবি
ধরণীর চিত্তপটে
বাঁধিতে চাহিয়াছিল
কবি —
তোমারে বাহনরূপে
ডেকেছিল,
চিত্রশালে যত্নে রেখেছিল,
কখন সে অন্যমনে গেছে ভুলি —
আদিম আত্মীয় তব ধূলি,
শেষ লেখা
অসীম বৈরাগ্যে তার দিক্ বিহীন পথে
তুলি নিল বাণীহীন রথে।
এই ভালো,
বিশ্বব্যাপী ধূসর সম্মানে
আজ পঙ্গু আবর্জনা
নিয়ত গঞ্জনা
কালের চরণক্ষেপে পদে পদে
বাধা দিতে জানে,
পদাঘাতে পদাঘাতে জীর্ণ অপমানে
শান্তি পায় শেষে
আবার ধূলিতে যবে মেশে।"
৬৮,নৈবেদ্য,কবিতা,"সে উদার প্রত্যুষের প্রথম অরুণ
যখনি মেলিবে নেত্র প্রশান্তকরুণ,
শুভ্রশির অভ্রভেদী উদয়শিখরে,
হে দুঃখী জাগ্রত দেশ, তব কন্ঠস্বরে
প্রথম সংগীত তার যেন উঠে বাজি
প্রথম ঘোষণাধ্বনি।
তুমি থেকো সাজি
চন্দনচর্চিত স্নাত নির্মল ব্রাহ্মণ,
উচ্চশির ঊর্ধ্বে তুলি গাহিয়ো বন্দন —
‘ এসো শান্তি, বিধাতার কন্যা ললাটিকা,
নিশাচর পিশাচের রক্তদীপশিখা
করিয়া লজ্জিত।’ তব বিশাল সন্তোষ
বিশ্বলোকে-ঈশ্বরের রত্নরাজকোষ।
তব ধৈর্য দৈববীর্য। নম্রতা তোমার
সমুচ্চ মুকুটশ্রেষ্ঠ, তাঁরি পুরস্কার।"
অন্য মা,শিশু ভোলানাথ,কবিতা,"আমার মা না হয়ে তুমি
আর - কারো মা হলে
ভাবছ তোমায় চিনতেম না,
যেতেম না ঐ কোলে?
মজা আরো হত ভারি,
দুই জায়গায় থাকত বাড়ি,
আমি থাকতেম এই গাঁয়েতে,
তুমি পারের গাঁয়ে।
এইখানেতেই দিনের বেলা
যা - কিছু সব হত খেলা
দিন ফুরোলেই তোমার কাছে
পেরিয়ে যেতেম নায়ে।
হঠাৎ এসে পিছন দিকে
আমি বলতেম, ‘বল্ দেখি কে?’
তুমি ভাবতে, চেনার মতো
চিনি নে তো তবু।
তখন কোলে ঝাঁপিয়ে পড়ে
আমি বলতেম গলা ধরে —
‘আমায় তোমার চিনতে হবেই,
আমি তোমার অবু!’
ঐ পারেতে যখন তুমি
আনতে যেতে জল,
এই পারেতে তখন ঘাটে
বল্ দেখি কে বল্ ?
কাগজ - গড়া নৌকোটিকে
ভাসিয়ে দিতেম তোমার দিকে,
যদি গিয়ে পৌঁছোত সে
বুঝতে কি, সে কার?
সাঁতার আমি শিখিনি যে
শিশু ভোলানাথ
নইলে আমি যেতেম নিজে,
আমার পারের থেকে আমি
যেতেম তোমার পার।
মায়ের পারে অবুর পারে
থাকত তফাত, কেউ তো কারে
ধরতে গিয়ে পেত নাকো,
রইত না একসাথে।
দিনের বেলায় ঘুরে ঘুরে
দেখা - দেখি দূরে দূরে —
সন্ধেবেলায় মিলে যেত
অবুতে আর মাতে।
কিন্তু হঠাৎ কোনোদিনে
যদি বিপিন মাঝি
পার করতে তোমার পারে
নাই হত মা রাজি।
ঘরে তোমার প্রদীপ জ্বেলে
ছাতের ’পরে মাদুর মেলে
বসতে তুমি, পায়ের কাছে
বসত ক্ষান্তবুড়ি,
উঠত তারা সাত ভায়েতে,
ডাকত শেয়াল ধানের খেতে,
উড়ো ছায়ার মতো বাদুড়
কোথায় যেত উড়ি।
তখন কি মা, দেরি দেখে
ভয় হত না থেকে থেকে
পার হয়ে মা, আসতে হতই
অবু যেথায় আছে।
তখন কি আর ছাড়া পেতে?
দিতেম কি আর ফিরে যেতে?
ধরা পড়ত মায়ের ওপার
অবুর পারের কাছে।"
মাঝি,শিশু,কবিতা,"আমার যেতে ইচ্ছে করে
নদীটির ওই পারে—
যেথায় ধারে ধারে
বাঁশের খোঁটায় ডিঙি নৌকো
বাঁধা সারে সারে।
কৃষাণেরা পার হয়ে যায়
লাঙল কাঁধে ফেলে;
জাল টেনে নেয় জেলে,
গোরু মহিষ সাঁৎরে নিয়ে
যায় রাখালের ছেলে।
সন্ধে হলে যেখান থেকে
সবাই ফেরে ঘরে
শুধু রাতদুপরে
শেয়ালগুলো ডেকে ওঠে
ঝাউডাঙাটার ’পরে।
মা, যদি হও রাজি,
বড়ো হলে আমি হব
খেয়াঘাটের মাঝি।
শুনেছি ওর ভিতর দিকে
আছে জলার মতো।
বর্ষা হলে গত
ঝাঁকে ঝাঁকে আসে সেথায়
চখাচখী যত।
তারি ধারে ঘন হয়ে
জন্মেছে সব শর;
মানিক - জোড়ের ঘর,
কাদাখোঁচা পায়ের চিহ্ন
আঁকে পাঁকের ’পর।
সন্ধ্যা হলে কত দিন মা,
শিশু
দাঁড়িয়ে ছাদের কোণে
দেখেছি একমনে—
চাঁদের আলো লুটিয়ে পড়ে
সাদা কাশের বনে।
মা, যদি হও রাজি,
বড়ো হলে আমি হব
খেয়াঘাটের মাঝি।
এ - পার ও - পার দুই পারেতেই
যাব নৌকো বেয়ে।
যত ছেলেমেয়ে
স্নানের ঘাটে থেকে আমায়
দেখবে চেয়ে চেয়ে।
সূর্য যখন উঠবে মাথায়
অনেক বেলা হলে—
আসব তখন চলে
‘বড়ো খিদে পেয়েছে গো—
খেতে দাও মা’ বলে।
আবার আমি আসব ফিরে
আঁধার হলে সাঁঝে
তোমার ঘরের মাঝে।
বাবার মতো যাব না মা,
বিদেশে কোন্ কাজে।
মা, যদি হও রাজি,
বড়ো হলে আমি হব
খেয়াঘাটের মাঝি।"
বঞ্চিত,শ্যামলী,কবিতা,"ফুলিদের বাড়ি থেকে এসেই দেখি
পোস্টকার্ডখানা আয়নার সামনেই,
কখন এসেছে জানি নে তো।
মনে হল, সময় নেই একটুও ;
গাড়ি ধরতে পারব না বুঝি।
বাক্স থেকে টাকা বের করতে গিয়ে
ছড়িয়ে পড়ল সিকি দুয়ানি,
কিছু কুড়োলেম, কিছু রইল বা,
গ'নে ওঠা হল না।
কাপড় ছাড়ি কখন।
নীল রঙের রেশমি রুমালখানা
দিলেম মাথার
উপর তুলে কাঁটায় বিঁধে।
চুলটাকে জড়িয়ে নিলুম
কোনোমতে
টবের গাছ থেকে তুলে নিলুম
চন্দ্রমল্লিকা বাসন্তীরঙের।
স্টেশনে এসে দেখি গাড়ি আসেই না,
জানি নে
কতক্ষণ গেল—
পাঁচ মিনিট, হয়তো বা পঁচিশ মিনিট।
গাড়িতে উঠে দেখি চেলি - পরা বিয়ের কনে দলে - বলে ;
আমার চোখে কিছুই পড়ে না যেন,
খানিকটা লাল রঙের
কুয়াশা, একখানা ফিকে ছবি।
গাড়ি চলেছে
ঘটর ঘটর, বেজে উঠছে বাঁশি,
উড়ে আসছে কয়লার গুঁড়ো,
কেবলই মুখ মুছছি রুমালে।
কোন্ - এক স্টেশনে
বাঁকে করে ছানা এনেছে গয়লার দল।
গাড়িটাকে দেরি করাচ্ছে মিছিমিছি।
হুইস্ ল্ দিলে শেষকালে ;
শ্যামলী
সাড়া পড়ল চাকাগুলোয়, চলল গাড়ি।
গাছপালা, ঘরবাড়ি, পানাপুকুর
ছুটেছে জানলার দু ধারে পিছনের দিকে —
পৃথিবী যেন
কোথায় কী ফেলে এসেছে ভুলে,
ফিরে আর পায় কি - না পায়।
গাড়ি চলেছে ঘটর ঘটর।
মাঝখানে
অকারণে গাড়িটা থামল অনেক ক্ষণ,
খেতে খেতে
খাবার গলায় বেধে যাবার মতো।
আবার বাঁশি বাজল,
আবার চলল
গাড়ি ঘটর ঘটর।
শেষে দেখা দিল হাবড়া স্টেশন।
চাইলেম না জানালার বাইরে,
মনে স্থির করে আছি —
খুঁজতে খুঁজতে আমাকে আবিষ্কার করবে একজন এসে,
তার পরে দুজনের হাসি।
বিয়ের কনে, টোপর - হাতে আত্মীয়স্বজন,
সবাই গেল চলে।
কুলি এসে
চাইলে মুখের দিকে,
দেখলে গাড়ির ভিতরটাতে মুখ বাড়িয়ে,
কিছুই নেই।
যারা কনেকে নিতে এসেছিল গেল চলে।
যে জনস্রোত এ মুখে আসছিল
ফিরল গেটের দিকে।
গট গট করে চলতে চলতে
গার্ড্ আমার জানালার দিকে একটু
তাকালে,
ভাবলে মেয়েটা নামে না কেন।
মেয়েটাকে নামতেই হল।
এই আগন্তুকের ভিড়ের মধ্যে
আমি একটিমাত্র খাপছাড়া
।
শ্যামলী
মনে হল প্লাটফর্ ম্ টার
এক প্রান্ত থেকে আর - এক প্রান্ত প্রশ্ন করছে আমাকে ;
জবাব দিচ্ছি নীরবে,
“ না এলেই হত। ”
আর - একবার পড়লুম পোস্টকার্ড্ খানা —
ভুল করি নি তো?
এখন ফিরতি গাড়ি নেই একটাও।
যদি বা থাকত, তবু কি —
বুকের মধ্যে পাক খেয়ে বেড়াচ্ছে
কত রকমের ‘হয়তো'—
সবগুলিই সাংঘাতিক।
বেরিয়ে এসে তাকিয়ে রইলুম ব্রিজটার দিকে।
রাস্তার লোক কী ভাবলে জানি নে।
সামনে ছিল বাস্ , উঠে পড়লুম।
ফেলে দিলুম চন্দ্রমল্লিকাটা।"
অনাগতা,বিচিত্রিতা,কবিতা,"এসেছিল বহু আগে যারা মোর দ্বারে,
যারা চলে গেছে একেবারে,
ফাগুন-মধ্যাহ্নবেলা শিরীষছায়ায় চুপে চুপে
তারা ছায়ারূপে
আসে যায় হিল্লোলিত
শ্যাম দুর্বাদলে।
ঘন কালো দিঘিজলে
পিছনে-ফিরিয়া-চাওয়া
আঁখি জ্বলো জ্বলো
করে ছলোছলো।
মরণের অমরতালোকে
ধূসর আঁচল মেলি ফিরে তারা গেরুয়া আলোকে।
যে এখনো আসে নাই মোর পথে,
কখনো যে আসিবে না আমার
জগতে,
তার ছবি আঁকিয়াছি মনে —
একেলা সে বাতায়নে
বিদেশিনী জন্মকাল হতে।
সে যেন শেঁউলি ভাসে
ক্ষীণ মৃদু স্রোতে,
কোথায় তাহার দেশ
নাই সে উদ্দেশ।
চেয়ে আছে দূর-পানে
কার লাগি আপনি সে নাহি
জানে।
সেই দূরে ছায়ারূপে রয়েছে সে
বিশ্বের সকল-শেষে
যে আসিতে পারিত তবুও
এল না কভুও।
জীবনের মরীচিকাদেশে
মরুকন্যাটির আঁখি ফিরে ভেসে ভেসে।"
সাড়ে নটা,নবজাতক,কবিতা,"সাড়ে নটা বেজেছে ঘড়িতে
;
সকালের মৃদু শীতে
তন্দ্রাবেশে হাওয়া যেন
রোদ পোহাইছে
পাহাড়ের উপত্যকা-নীচে
বনের মাথায়
সবুজের আমন্ত্রণ-বিছানো পাতায়।
বৈঠকখানার ঘরের
রেড়িয়োতে
সমুদ্রপারের দেশ হতে
আকাশে
প্লাবন আনে সুরের প্রবাহে,
বিদেশিনী বিদেশের
কণ্ঠে গান গাহে
বহু যোজনের অন্তরালে।
সব তার লুপ্ত হয়ে মিলেছে কেবল সুরে তালে।
দেহহীন পরিবেশহীন
গীতস্পর্শ হতেছে বিলীন
সমস্ত চেতনা ছেয়ে।
যে বেলাটি বেয়ে
এল তার সাড়া
সে আমার দেশের সময়-সূত্র-ছাড়া।
একাকিনী, বহি রাগিণীর দীপশিখা
আসিছে অভিসারিকা
সর্বভারহীনা ;
অরূপা সে, অলক্ষিত আলোকে আসীনা।
গিরিনদীসমুদ্রের মানে নি নিষেধ,
করিয়াছে ভেদ
পথে পথে বিচিত্র ভাষার কলরব,
পদে পদে জন্ম-মৃত্যু বিলাপ-উৎসব।
রণক্ষেত্রে নিদারুণ হানাহানি,
লক্ষ লক্ষ গৃহকোণে সংসারের তুচ্ছ কানাকানি,
সমস্ত সংসর্গ তার
একান্ত করেছে পরিহার।
নবজাতক
বিশ্বহারা
একখানি নিরাসক্ত
সংগীতের ধারা।
যক্ষের বিরহগাথা মেঘদূত
সেও জানি এমনিই অদ্ভুত।
বাণীমূর্তি সেও একা।
শুধু নামটুকু নিয়ে কবির কোথাও নেই দেখা।
তার পাশে চুপ
সেকালের সংসারের সংখ্যাহীন রূপ।
সেদিনের যে প্রভাতে উজ্জয়িনী ছিল সমুজ্জ্বল
জীবনে উচ্ছল
ওর মাঝে তার কোনো আলো পড়ে নাই।
রাজার প্রতাপ সেও ওর ছন্দে সম্পূর্ণ বৃথাই।
যুগ যুগ হয়ে এল পার
কালের বিপ্লব বেয়ে, কোনো চিহ্ন আনে নাই তার।
বিপুল বিশ্বের মুখরতা
উহার শ্লোকের পথে স্তব্ধ করে দিল সব কথা।"
আছি,পরিশেষ,কবিতা,"বৈশাখেতে তপ্ত বাতাস মাতে
কুয়োর ধারে কলাগাছের দীর্ণ পাতে পাতে;
গ্রামের পথে ক্ষণে ক্ষণে ধুলা উড়ায়,
ডাক দিয়ে যায় পথের ধারে কৃষ্ণচূড়ায়;
আশুক্লান্ত বেলগুলি সব শীর্ণ হয়ে আসে,
ম্লান গন্ধ কুড়িয়ে তারি ছড়িয়ে বেড়ায় সুদীর্ঘ নিশ্বাসে;
শুকনো টগর উড়িয়ে ফেলে,
চিকন কচি অশথ পাতায় যা খুশি তাই খেলে;
বাঁশের গাছে কী নিয়ে তার কাড়াকাড়ি,
খেঁজুর গাছের শাখায় শাখায় নাড়ানাড়ি;
বটের শাখে ঘনসবুজ ছায়ানিবিড় পাখির পাড়ায়
হূহু করে ধেয়ে এসে ঘুঘু দুটির নিদ্রা ছাড়ায়;
রুক্ষ কঠিন রক্তমাটি ঢেউ খেলিয়ে মিলিয়ে গেছে দূরে,
তার মাঝে ওর থেকে থেকে নাচন ঘুরে ঘুরে;
খেপে উঠে হঠাৎ ছোটে তালের বনে উত্তরে দিক্ সীমায়
অস্ফুট ওই
বাষ্পনীলিমায়;
টেলিগ্রাফের তারে তারে
সুর সেধে নেয় পরিহাসের ঝংকারে ঝংকারে;
এমনি করে বেলা বহে যায়,
এই হাওয়াতে চুপ করে রই একলা জানালায়।
ওই যে ছাতিম গাছের মতোই আছি
সহজ প্রাণের আবেগ নিয়ে মাটির কাছাকাছি,
ওর যেমন এই পাতার কাঁপন, যেমন শ্যামলতা,
তেমনি জাগে ছন্দে আমার আজকে দিনের সামান্য এই কথা।
না থাক্ খ্যাতি, না থাক্ কীর্তিভার,
পুঞ্জীভূত অনের বোঝা অনেক দুরাশার —
আজ আমি যে বেঁচেছিলেম সবার মাঝে মিলে সবার প্রাণে
সেই বারতা রইল আমার গানে।"
গানের জাল,সানাই,কবিতা,"দৈবে তুমি
কখন নেশায় পেয়ে
আপন-মনে
যাও চলে গান গেয়ে।
যে আকাশে সুরের লেখা লেখ
বুঝি না তা, কেবল রহি চেয়ে।
হৃদয় আমার অদৃশ্যে যায় চলে,
প্রতিদিনের ঠিকঠিকানা ভোলে —
মৌমাছিরা আপনা হারায় যেন
গন্ধের পথ বেয়ে।
গানের টানা জালে
নিমেষ-ঘেরা বাঁধন হতে
টানে অসীম কালে।
মাটির আড়াল করি ভেদন
স্বর্গলোকের আনে বেদন
,
পরান ফেলে ছেয়ে।"
দেশান্তরী,ছড়ার ছবি,কবিতা,"প্রাণ-ধারণের বোঝাখানা বাঁধা পিঠের 'পরে,
আকাল পড়ল, দিন চলে না, চলল দেশান্তরে।
দূর শহরে একটা কিছু যাবেই যাবে জুটে,
এই আশাতেই লগ্ন দেখে ভোরবেলাতে উঠে
দুর্গা ব ' লে বুক বেঁধে সে চলল ভাগ্যজয়ে,
মা ডাকে না পিছুর ডাকে অমঙ্গলের ভয়ে।
স্ত্রী দাঁড়িয়ে দুয়ার ধরে দুচোখ শুধু মোছে,
আজ সকালে জীবনটা তার কিছুতেই না রোচে।
ছেলে গেছে জাম কুড়োতে দিঘির পাড়ে উঠি,
মা তারে আজ ভুলে আছে তাই পেয়েছে ছুটি।
স্ত্রী বলেছে বারে বারে, যে ক ' রে হোক খেটে
সংসারটা চালাবে সে, দিন যাবে তার কেটে।
ঘর ছাইতে খড়ের আঁঠির জোগান দেবে সে যে,
গোবর দিয়ে নিকিয়ে দেবে দেয়াল পাঁচিল মেঝে।
মাঠের থেকে খড়কে কাঠি আনবে বেছে বেছে,
ঝাঁটা বেঁধে কুমোরটুলির হাটে আসবে বেচে।
ঢেঁকিতে ধান ভেনে দেবে বামুনদিদির ঘরে,
খুদকুঁড়ো যা জুটবে তাতেই চলবে দুর্বছরে।
দূর দেশেতে বসে বসে মিথ্যা অকারণে
কোনোমতেই ভাব্ না যেন না রয় স্বামীর মনে।
সময় হল, ঐ তো এল খেয়াঘাটের মাঝি,
দিন না যেতে রহিমগঞ্জে যেতেই হবে আজি।
সেইখানেতে চৌকিদারি করে ওদের জ্ঞাতি,
মহেশখুড়োর মেঝো জামাই, নিতাই দাসের নাতি।
নতুন নতুন গাঁ পেরিয়ে অজানা এই পথে
পৌঁছবে পাঁচদিনের পরে শহর কোনোমতে।
সেইখানে কোন্ হালসিবাগান, ওদের গ্রামের কালো,
শর্ষেতেলের দোকান সেথায় চালাচ্ছে খুব ভালো।
গেলে সেথায় কালুর খবর সবাই বলে দেবে —
তারপরে সব সহজ হবে, কী হবে আর ভেবে।
ছড়ার ছবি
স্ত্রী বললে, “ কালুদাকে খবরটা এই দিয়ো,
ওদের গাঁয়ের বাদল পালের জাঠতুত ভাই প্রিয়
বিয়ে করতে আসবে আমার ভাইঝি মল্লিকাকে
উনত্রিশে বৈশাখে। ”"
জাগ্রত স্বপ্ন,ছবি ও গান,কবিতা,"আজ একেলা বসিয়া, আকাশে চাহিয়া,
কী সাধ যেতেছে, মন!
বেলা চলে যায় — আছিস কোথায়?
কোন্ স্বপনেতে নিমগন?
বসন্তবাতাসে আঁখি মুদে আসে,
মৃদু মৃদু বহে শ্বাস,
গায়ে এসে যেন এলায়ে পড়িছে
কুসুমের মৃদু বাস।
যেন সুদূর নন্দনকাননবাসিনী
সুখঘুমঘোরে মধুরহাসিনী,
অজানা প্রিয়ার ললিত পরশ
ভেসে ভেসে বহে যায়,
অতি মৃদু মৃদু লাগে গায়।
বিস্মরণমোহে
আঁধারে আলোকে
মনে পড়ে যেন তায়,
স্মৃতি-আশা-মাখা মৃদু
সুখে দুখে
পুলকিয়া উঠে কায়।
ভ্রমি আমি যেন সুদূর
কাননে,
সুদূর আকাশতলে,
আনমনে যেন গাহিয়া
বেড়াই
সরযূর কলকলে।
গহন বনের কোথা হতে
শুনি
বাঁশির স্বর-আভাস,
বনের হৃদয় বাজাইছে যেন
মরমের অভিলাষ।
বিভোর হৃদয়ে বুঝিতে
পারি নে
কে গায় কিসের গান,
অজানা ফুলের সুরভি
মাখানো
স্বরসুধা করি পান।
ছবি ও গান
যেন রে কোথায় তরুর
ছায়ায়
বসিয়া রূপসী বালা,
কুসুমশয়নে আধেক মগনা
বাকলবসনে আধেক নগনা,
সুখদুখগান গা ই ছে
শুইয়া
গাঁথিতে গাঁথিতে মালা।
ছায়ায় আলোকে, নিঝরের
ধারে,
কোথা কোন্ গুপ্ত
গুহার মাঝারে,
যেন হেথা হোথা কে
কোথায় আছে
এখনি দেখিতে পাব —
যেন রে তাদের চরণের
কাছে
বীণা লয়ে গান গাব।
শুনে শুনে তারা আনত
নয়নে
হাসিবে
মুচুকি হাসি,
শরমের আভা অধরে কপোলে
বেড়াইবে ভাসি ভাসি।
মাথায় বাঁধিয়া ফুলের
মালা
বেড়াইব বনে বনে।
উড়িতেছে কেশ, উড়িতেছে
বেশ,
উদাস পরান কোথা
নিরুদ্দেশ,
হাতে লয়ে বাঁশি মুখে
লয়ে হাসি,
ভ্রমিতেছি আনমনে।
চারি দিকে মোর বসন্ত
হসিত,
যৌবনকুসুম প্রাণে
বিকশিত,
কুসুমের'পরে ফেলিব চরণ
যৌবনমাধুরীভরে।
চারি দিকে মোর মাধবী
মালতী
সৌরভে আকুল করে।
কেহ কি আমারে চাহিবে
না?
কাছে এসে গান গাহিবে
না?
পিপাসিত প্রাণে চাহি
মুখপানে
কবে না প্রাণের আশা?
ছবি ও গান
চাঁদের আলোতে দখিন
বাতাসে
কুসুমকাননে বাঁধি
বাহুপাশে
শরমে সোহাগে
মৃদুমধুহাসে
জানাবে না ভালোবাসা?
আমার যৌবনকুসুমকাননে
ললিত চরণে বেড়াবে না?
আমার প্রাণের
লতিকা-বাঁধন
চরণে তাহার জড়াবে না?
আমার প্রাণের কুসুম
গাঁথিয়া
কেহ পরিবে না গলে?
তাই ভাবিতেছি আপনার
মনে
বসিয়া তরুর তলে।"
ছবি,বীথিকা,কবিতা,"একলা বসে,
হেরো, তোমার ছবি
এঁকেছি আজ বসন্তী রঙ দিয়া—
খোঁপার ফুলে
একটি মধুলোভী
মৌমাছি ওই গুঞ্জরে বন্দিয়া।
সমুখ - পানে বালুতটের তলে
শীর্ণ নদী শান্ত ধারায় চলে,
বেণুচ্ছায়া তোমার চেলাঞ্চলে
উঠিছে স্পন্দিয়া।
মগ্ন তোমার স্নিগ্ধ নয়ন দুটি
ছায়ায় ছন্ন অরণ্য - অঙ্গনে
প্রজাপতির দল যেখানে জুটি
রঙ ছড়ালো প্রফুল্ল রঙ্গনে।
তপ্ত হাওয়ায় শিথিলমঞ্জরি
গোলকচাঁপা একটি দুটি করি
পায়ের কাছে পড়ছে ঝরি ঝরি
তোমারে নন্দিয়া।
ঘাটের ধারে কম্পিত ঝাউশাখে
দোয়েল দোলে সংগীতে চঞ্চলি—
আকাশ ঢালে পাতার ফাঁকে ফাঁকে
তোমার কোলে সুবর্ণ - অঞ্জলি।
বনের পথে কে যায় চলি দূরে,
বাঁশির ব্যথা পিছন - ফেরা সুরে
তোমায় ঘিরে হাওয়ায় ঘুরে ঘুরে
ফিরিছে ক্রন্দিয়া।"
আকাশপ্রদীপ,ছড়ার ছবি,কবিতা,"অন্ধকারের সিন্ধুতীরে একলাটি ওই মেয়ে
আলোর নৌকা ভাসিয়ে দিল আকাশপানে চেয়ে।
মা যে তাহার স্বর্গে গেছে এই কথা সে জানে,
ওই প্রদীপের খেয়া বেয়ে আসবে ঘরের পানে।
পৃথিবীতে অসংখ্য লোক, অগণ্য তার পথ,
অজানা দেশ কত আছে অচেনা পর্বত,
তারই মধ্যে স্বর্গ থেকে ছোট্ট ঘরের কোণ
যায় কি দেখা যেথায় থাকে দুটিতে ভাইবোন।
মা কি তাদের খুঁজে খুঁজে বেড়ায় অন্ধকারে,
তারায় তারায় পথ হারিয়ে যায় শূন্যের পারে।
মেয়ের হাতের একটি আলো জ্বালিয়ে দিল রেখে,
সেই আলো মা নেবে চিনে অসীম দূরের থেকে।
ঘুমের মধ্যে আসবে ওদের চুমো খাবার তরে
রাতে রাতে মা-হারা সেই বিছানাটির ‘পরে।"
৮৩,গীতিমাল্য,কবিতা,"তুমি যে এসেছ মোর ভবনে
রব উঠেছে ভুবনে।
নহিলে ফুলে কিসের রঙ লেগেছে,
গগনে কোন্ গান জেগেছে,
কোন্ পরিমল পবনে?
দিয়ে দুঃখ-সুখের বেদনা
আমায়
তোমার সাধনা।
আমার ব্যথায় ব্যথায় পা ফেলিয়া
এলে তোমার সুর মেলিয়া,
এলে আমার জীবনে।"
পত্রের প্রত্যাশা,মানসী,কবিতা,"চিঠি কই! দিন
গেল
বইগুলো ছুঁড়ে ফেলো,
আর তো লাগে না ভালো ছাইপাঁশ পড়া।
মিটায়ে মনের
খেদ
গেঁথে গেছে অবিচ্ছেদ
পরিচ্ছেদে পরিচ্ছেদ মিছে মন-গড়া।
কাননপ্রান্তের
কাছে
ছায়া পড়ে গাছে গাছে,
ম্লান আলো শুয়ে আছে বালুকার তীরে।
বায়ু উঠে ঢেউ
তুলি,
টলমল পড়ে দুলি
কূলে বাঁধা নৌকাগুলি জাহ্নবীর নীরে।
চিঠি কই! হেথা
এসে
একা বসে দূর দেশে
কী পড়িব দিন শেষে সন্ধ্যার আলোকে!
গোধূলির
ছায়াতলে
কে বলো গো মায়াবলে
সেই মুখ অশ্রুজলে এঁকে দেবে চোখে।
গভীর
গুঞ্জনস্বনে
ঝিল্লিরব উঠে বনে,
কে মিশাবে তারি সনে স্মৃতিকণ্ঠস্বর।
তীরতরু-ছায়ে-ছায়ে
কোমল সন্ধ্যার বায়ে
কে আনিয়া দিবে গায়ে সুকোমল কর।
পাখি তরুশিরে
আসে,
দূর হতে নীড়ে আসে,
তরীগুলি তীরে আসে, ফিরে আসে সবে—
তার সেই
স্নেহস্বর
ভেদি
দূর-দূরান্তর
কেন এ কোলের’পরে আসে না নীরবে!
দিনান্তে স্নেহের
স্মৃতি
একবার আসে নিতি
কলরব-ভরা প্রীতি লয়ে তার মুখে—
দিবসের ভার
যত
তবে হয় অপগত,
নিশি নিমেষের মতো কাটে স্বপ্নসুখে।
সকলি তো মনে
আছে
যতদিন ছিল কাছে
কত কথা বলিয়াছে কত ভালোবেসে—
কত কথা শুনি
নাই
হৃদয়ে পায় নি ঠাঁই,
মানসী
মুহূর্ত শুনিয়া তাই ভুলেছি নিমেষে।
পাতা পোরাবার
ছলে
আজ সে যা-কিছু বলে
তাই-শুনে মন গলে, চোখে আসে জল—
তারি লাগি কত
ব্যথা,
কত মনোব্যাকুলতা,
দু-চারিটি তুচ্ছ কথা জীবনসম্বল।
দিবা যেন
আলোহীনা
এই দুটি কথা বিনা
‘তুমি ভালো আছ কি না’ ‘আমি ভালো আছি’।
স্নেহ যেন নাম
ডেকে
কাছে এসে যায় দেখে,
দুটি কথা দূর থেকে করে কাছাকাছি।
দরশ পরশ
যত
সকল বন্ধন গত,
মাঝে ব্যবধান কত নদীগিরিপারে—
স্মৃতি শুধু স্নেহ
বয়ে
দুঁহু করস্পর্শ লয়ে
অক্ষরের মালা হয়ে বাঁধে দুজনারে।
কই চিঠি! এল
নিশা,
তিমিরে ডুবিল দিশা,
সারা দিবসের তৃষা রয়ে গেল মনে—
অন্ধকার
নদীতীরে
বেড়াতেছি ফিরে ফিরে,
প্রকৃতির শান্তি ধীরে পশিছে জীবনে।
ক্রমে আঁখি
ছলছল্ ,
দুটি ফোঁটা অশ্রুজল
ভিজায় কপোলতল, শুকায় বাতাসে—
ক্রমে অশ্রু নাহি
বয়,
ললাট শীতল হয়
রজনীর শান্তিময় শীতল নিশ্বাসে।
আকাশে অসংখ্য
তারা
চিন্তাহারা ক্লান্তিহারা,
হৃদয় বিস্ময়ে সারা হেরি একদিঠি—
আর যে আসে না
আসে
মুক্ত এই মহাকাশে
প্রতি সন্ধ্যা পরকাশে অসীমের চিঠি।
অনন্ত বারতা
বহে—
অন্ধকার হতে কহে,
‘যে রহে যে নাহি রহে কেহ নহে একা—
সীমাপরপারে
থাকি
সেথা হতে সবে ডাকি
প্রতি রাত্রে লিখে রাখি জ্যোতিপত্রলেখা।’"
স্নেহগ্রাস,চৈতালি,কবিতা,"অন্ধ মোহবন্ধ তব দাও মুক্ত করি—
রেখো না বসায়ে দ্বারে জাগ্রত প্রহরী
হে জননী, আপনার স্নেহ-কারাগারে
সন্তানেরে চিরজন্ম বন্দী রাখিবারে।
বেষ্টন করিয়া তারে আগ্রহ-পরশে,
জীর্ণ করি দিয়া তারে লালনের রসে,
মনুষ্যত্ব-স্বাধীনতা করিয়া শোষণ
আপন ক্ষুধিত চিত্ত করিবে পোষণ?
দীর্ঘ গর্ভবাস হতে জন্ম দিলে যার
স্নেহগর্ভে গ্রাসিয়া কি রাখিবে আবার?
চলিবে সে এ সংসারে তব পিছু-পিছু?
সে কি শুধু অংশ তব, আর নহে কিছু?
নিজের সে, বিশ্বের সে, বিশ্বদেবতার—
সন্তান নহে, গো মাতঃ, সম্পত্তি তোমার।"
